Fecha,y1,y2
01-01-06,532.88,391.88
02-01-06,532.87,392.02
03-01-06,532.8,391
04-01-06,532.72,391.47
05-01-06,532.7,391.66
06-01-06,532.63,391.7
07-01-06,532.6,391.47
08-01-06,532.59,391.5
09-01-06,532.59,391.51
10-01-06,532.54,390.91
11-01-06,532.47,391.04
12-01-06,532.41,391.28
13-01-06,532.36,391.3
14-01-06,532.31,391.13
15-01-06,532.25,391.36
16-01-06,532.23,391.23
17-01-06,532.17,391.38
18-01-06,532.13,391.43
19-01-06,532.09,391.4
20-01-06,532.04,391.56
21-01-06,532,392
22-01-06,531.97,392
23-01-06,531.96,392.08
24-01-06,531.89,391.71
25-01-06,531.82,391.88
26-01-06,531.77,392.51
27-01-06,531.78,392.38
28-01-06,531.79,392.12
29-01-06,531.79,391.82
30-01-06,531.81,391.55
31-01-06,531.78,391.56
01-02-06,531.77,391.81
02-02-06,531.74,392.06
03-02-06,531.72,391.75
04-02-06,531.68,391.9
05-02-06,531.65,391.63
06-02-06,531.64,392.09
07-02-06,531.62,391.67
08-02-06,531.56,391.86
09-02-06,531.5,392.12
10-02-06,531.46,392.39
11-02-06,531.41,392
12-02-06,531.38,392.47
13-02-06,531.38,392.05
14-02-06,531.35,391.88
15-02-06,531.32,392.12
16-02-06,531.3,391.54
17-02-06,531.26,391.85
18-02-06,531.24,391.94
19-02-06,531.22,392
20-02-06,531.22,392.22
21-02-06,531.18,391.4
22-02-06,531.11,391.58
23-02-06,531.04,391.82
24-02-06,530.98,392.26
25-02-06,530.95,392.34
26-02-06,530.95,391.92
27-02-06,530.94,392.25
28-02-06,530.92,392.12
01-03-06,530.92,392.4
02-03-06,530.86,391.37
03-03-06,530.78,391.05
04-03-06,530.67,391.05
05-03-06,530.57,392.26
06-03-06,530.51,392.12
07-03-06,530.42,391.7
08-03-06,530.31,392.46
09-03-06,530.22,392.32
10-03-06,530.14,392.62
11-03-06,530.08,391.13
12-03-06,530.02,391.9
13-03-06,529.98,391.83
14-03-06,529.89,391.65
15-03-06,529.8,391.58
16-03-06,529.7,391.68
17-03-06,529.6,392
18-03-06,529.52,392.01
19-03-06,529.46,391.47
20-03-06,529.37,392.15
21-03-06,529.28,391.55
22-03-06,529.18,392.45
23-03-06,529.1,392.02
24-03-06,529.01,391.8
25-03-06,528.93,392.16
26-03-06,528.89,391.85
27-03-06,528.86,391.78
28-03-06,528.77,391.82
29-03-06,528.69,391.92
30-03-06,528.61,391.42
31-03-06,528.51,391.68
01-04-06,528.42,392.28
02-04-06,528.38,392.44
03-04-06,528.36,392.15
04-04-06,528.28,392.03
05-04-06,528.2,392.43
06-04-06,528.13,392.39
07-04-06,528.07,391.85
08-04-06,528,391.41
09-04-06,527.96,391.76
10-04-06,527.95,391.82
11-04-06,527.91,391.82
12-04-06,527.89,392.3
13-04-06,527.81,392.14
14-04-06,527.81,392.14
15-04-06,527.8,392.42
16-04-06,527.78,391.93
17-04-06,527.76,391.74
18-04-06,527.64,391.44
19-04-06,527.5,392.4
20-04-06,527.39,392.67
21-04-06,527.3,392.1
22-04-06,527.19,392.11
23-04-06,527.11,391.6
24-04-06,527.06,391.56
25-04-06,526.97,391.7
26-04-06,526.86,392.04
27-04-06,526.78,392.23
28-04-06,526.7,391.72
29-04-06,526.6,391.7
30-04-06,526.52,391.72
01-05-06,526.47,392.22
02-05-06,526.44,391.88
03-05-06,526.34,391.58
04-05-06,526.22,391.92
05-05-06,526.06,392.22
06-05-06,525.96,392.3
07-05-06,525.89,392.3
08-05-06,525.89,391.83
09-05-06,525.82,391.16
10-05-06,525.67,390.73
11-05-06,525.65,392.49
12-05-06,525.55,391.95
13-05-06,525.47,392.05
14-05-06,525.38,391.44
15-05-06,525.33,392.07
16-05-06,525.24,392.47
17-05-06,525.16,392.22
18-05-06,525.08,392.38
19-05-06,525,392.26
20-05-06,524.92,392.41
21-05-06,524.89,392.03
22-05-06,524.89,392.22
23-05-06,524.81,391.68
24-05-06,524.71,391.53
25-05-06,524.65,391.86
26-05-06,524.62,392.43
27-05-06,524.57,391.67
28-05-06,524.5,392.04
29-05-06,524.47,391.73
30-05-06,524.42,391.36
31-05-06,524.33,391.2
01-06-06,524.28,392.12
02-06-06,524.22,392.98
03-06-06,524.2,391.76
04-06-06,524.19,391.75
05-06-06,524.21,391.93
06-06-06,524.23,391.9
07-06-06,524.24,391.8
08-06-06,524.23,391.3
09-06-06,524.29,391.72
10-06-06,524.47,392.04
11-06-06,524.56,391.65
12-06-06,524.64,391.81
13-06-06,524.61,391.03
14-06-06,524.56,391.65
15-06-06,524.63,391.46
16-06-06,524.75,391.38
17-06-06,524.93,391.9
18-06-06,525.06,390.88
19-06-06,525.14,390.96
20-06-06,525.1,390.94
21-06-06,525.1,390.69
22-06-06,525.09,391.05
23-06-06,525.06,391.8
24-06-06,525.06,391.78
25-06-06,525.09,391.83
26-06-06,525.2,391.3
27-06-06,525.22,390.05
28-06-06,525.24,390.22
29-06-06,525.27,390.21
30-06-06,525.26,390.02
01-07-06,525.23,390.13
02-07-06,525.25,389.99
03-07-06,525.3,390.15
04-07-06,525.28,389.12
05-07-06,525.27,389.64
06-07-06,525.22,389.52
07-07-06,525.18,389.64
08-07-06,525.13,390
09-07-06,525.21,389.61
10-07-06,525.29,389.27
11-07-06,525.27,388.96
12-07-06,525.21,389.16
13-07-06,525.2,389.5
14-07-06,525.16,388.74
15-07-06,525.12,390.31
16-07-06,525.15,389.78
17-07-06,525.18,389.5
18-07-06,525.16,388.48
19-07-06,525.09,389.02
20-07-06,525.13,389.23
21-07-06,525.23,388.86
22-07-06,525.43,387.6
23-07-06,525.72,387.61
24-07-06,525.94,387.92
25-07-06,526.01,388.13
26-07-06,526.05,388.66
27-07-06,526.12,389
28-07-06,526.16,387.9
29-07-06,526.15,388.08
30-07-06,526.22,387.97
31-07-06,526.31,388.46
01-08-06,526.36,388.21
02-08-06,526.4,387.56
03-08-06,526.39,388.35
04-08-06,526.43,389.25
05-08-06,526.48,388.98
06-08-06,526.62,387.97
07-08-06,526.7,387.79
08-08-06,526.7,387.74
09-08-06,526.7,388.68
10-08-06,526.69,387.78
11-08-06,526.67,387.94
12-08-06,526.62,388.5
13-08-06,526.63,388.35
14-08-06,526.66,388.64
15-08-06,526.68,387.75
16-08-06,526.67,387.9
17-08-06,526.62,387.34
18-08-06,526.55,387.68
19-08-06,526.48,388.58
20-08-06,526.47,388.46
21-08-06,526.49,388.24
22-08-06,526.52,388.01
23-08-06,526.54,388.72
24-08-06,526.59,388.08
25-08-06,526.6,388.06
26-08-06,526.6,387.4
27-08-06,526.56,388.39
28-08-06,526.53,388.95
29-08-06,526.53,387.98
30-08-06,526.5,388.44
31-08-06,526.5,388.36
01-09-06,526.48,388.74
02-09-06,526.46,389.18
03-09-06,526.57,387.66
04-09-06,526.64,388.8
05-09-06,526.77,389.04
06-09-06,526.8,387.9
07-09-06,526.81,388.32
08-09-06,526.85,387.92
09-09-06,526.87,388.4
10-09-06,526.88,388.38
11-09-06,526.94,388.15
12-09-06,527.03,388.8
13-09-06,527.1,389.25
14-09-06,527.22,389.28
15-09-06,527.26,387.92
16-09-06,527.3,388.78
17-09-06,527.4,388.98
18-09-06,527.48,388.17
19-09-06,527.48,387.68
20-09-06,527.49,388.92
21-09-06,527.54,388.66
22-09-06,527.55,388.25
23-09-06,527.56,388.17
24-09-06,527.59,388.61
25-09-06,527.66,389.33
26-09-06,527.71,388.2
27-09-06,527.71,388.94
28-09-06,527.71,388.24
29-09-06,527.71,388.39
30-09-06,527.69,388.71
01-10-06,527.7,388.31
02-10-06,527.73,388
03-10-06,527.71,388.71
04-10-06,527.7,387.87
05-10-06,527.68,388.32
06-10-06,527.67,388.36
07-10-06,527.7,388.6
08-10-06,527.79,388.47
09-10-06,527.92,388.3
10-10-06,528.04,388.06
11-10-06,528.16,388.16
12-10-06,528.28,388.46
13-10-06,528.32,388.73
14-10-06,528.46,389.08
15-10-06,528.58,388.85
16-10-06,528.68,388.26
17-10-06,528.7,388.2
18-10-06,528.73,388.61
19-10-06,528.78,388.06
20-10-06,528.81,388.46
21-10-06,528.84,388.73
22-10-06,528.91,388.25
23-10-06,529,388.6
24-10-06,529.15,388.23
25-10-06,529.13,388.42
26-10-06,529.19,388.47
27-10-06,529.2,388.48
28-10-06,529.21,388.67
29-10-06,529.32,389.28
30-10-06,529.41,388.9
31-10-06,529.44,388.7
01-11-06,529.45,389
02-11-06,529.43,389.3
03-11-06,529.44,390.25
04-11-06,529.45,389.47
05-11-06,529.45,389.77
06-11-06,529.45,390.12
07-11-06,529.43,389.25
08-11-06,529.39,389.44
09-11-06,529.34,389.36
10-11-06,529.27,390
11-11-06,529.22,389.86
12-11-06,529.22,390.24
13-11-06,529.22,390.06
14-11-06,529.21,389.2
15-11-06,529.16,389.55
16-11-06,529.11,390.41
17-11-06,529.06,389.95
18-11-06,529,390.32
19-11-06,528.99,390.67
20-11-06,528.99,390.66
21-11-06,529.03,389.93
22-11-06,529.01,389.77
23-11-06,529,389.46
24-11-06,528.96,389.94
25-11-06,528.94,390.23
26-11-06,528.92,390.64
27-11-06,528.93,390.99
28-11-06,528.9,391.23
29-11-06,528.85,391.92
30-11-06,528.8,392.13
01-12-06,528.79,392.28
02-12-06,528.82,392.18
03-12-06,528.86,391.76
04-12-06,528.84,391.56
05-12-06,528.82,391.94
06-12-06,528.77,391.7
07-12-06,528.75,392.14
08-12-06,528.74,391.87
09-12-06,528.74,392.1
10-12-06,528.71,392.1
11-12-06,528.72,391.96
12-12-06,528.7,392.18
13-12-06,528.7,392.26
14-12-06,528.67,391.91
15-12-06,528.65,391.87
16-12-06,528.63,392.11
17-12-06,528.63,391.94
18-12-06,528.64,391.71
19-12-06,528.61,391.55
20-12-06,528.58,392.02
21-12-06,528.54,392.2
22-12-06,528.5,392.14
23-12-06,528.46,391.67
24-12-06,528.43,391.5
25-12-06,528.4,391.25
26-12-06,528.39,391.91
27-12-06,528.35,391.61
28-12-06,528.33,391.45
29-12-06,528.3,391.43
30-12-06,528.27,391.85
31-12-06,528.24,392.03
01-01-07,528.23,392.1
02-01-07,528.23,392.14
03-01-07,528.18,391.05
04-01-07,528.08,391.07
05-01-07,527.97,391.85
06-01-07,527.93,391.85
07-01-07,527.9,392.23
08-01-07,527.91,392.38
09-01-07,527.88,391.75
10-01-07,527.87,392.17
11-01-07,527.86,392.56
12-01-07,527.86,392.54
13-01-07,527.87,392.49
14-01-07,527.89,392.57
15-01-07,527.91,392.34
16-01-07,527.92,391.37
17-01-07,527.92,391.37
18-01-07,527.92,391.32
19-01-07,527.88,391.68
20-01-07,527.86,391.85
21-01-07,527.85,392.3
22-01-07,527.84,392.13
23-01-07,527.82,392.06
24-01-07,527.8,392.08
25-01-07,527.77,392.15
26-01-07,527.77,392.09
27-01-07,527.76,391.8
28-01-07,527.74,392.1
29-01-07,527.73,392.22
30-01-07,527.7,391.84
31-01-07,527.68,391.96
01-02-07,527.65,392
02-02-07,527.63,391.85
03-02-07,527.6,392.07
04-02-07,527.6,392.03
05-02-07,527.6,392.07
06-02-07,527.59,391.97
07-02-07,527.57,392
08-02-07,527.57,391.89
09-02-07,527.56,391.92
10-02-07,527.53,391.79
11-02-07,527.51,392.17
12-02-07,527.51,392.06
13-02-07,527.49,392.24
14-02-07,527.47,392.16
15-02-07,527.46,392.15
16-02-07,527.44,392.17
17-02-07,527.44,392.23
18-02-07,527.44,392.3
19-02-07,527.44,392.37
20-02-07,527.44,392.18
21-02-07,527.44,392.02
22-02-07,527.41,392.29
23-02-07,527.4,392.35
24-02-07,527.39,392.27
25-02-07,527.39,392.21
26-02-07,527.38,392.15
27-02-07,527.33,392.14
28-02-07,527.27,392.1
01-03-07,527.22,391.86
02-03-07,527.15,391.99
03-03-07,527.13,392.2
04-03-07,527.11,392.28
05-03-07,527.08,392.15
06-03-07,527,392.07
07-03-07,526.97,391.95
08-03-07,526.89,391.9
09-03-07,526.81,391.95
10-03-07,526.73,391.99
11-03-07,526.68,392.3
12-03-07,526.65,392.15
13-03-07,526.57,391.84
14-03-07,526.49,391.83
15-03-07,526.41,391.99
16-03-07,526.33,391.92
17-03-07,526.23,392.13
18-03-07,526.19,392.45
19-03-07,526.17,392.44
20-03-07,526.14,391.95
21-03-07,526.07,391.33
22-03-07,525.99,391.4
23-03-07,525.91,392.35
24-03-07,525.87,392.11
25-03-07,525.85,391.92
26-03-07,525.84,392.25
27-03-07,525.8,391.83
28-03-07,525.74,391.99
29-03-07,525.7,392.11
30-03-07,525.64,392
31-03-07,525.6,392.04
01-04-07,525.59,391.29
02-04-07,525.55,391.92
03-04-07,525.51,392
04-04-07,525.47,391.96
05-04-07,525.43,392.3
06-04-07,525.41,392.32
07-04-07,525.41,392.5
08-04-07,525.41,392.32
09-04-07,525.41,392.15
10-04-07,525.36,392.39
11-04-07,525.31,391.95
12-04-07,525.2,391.27
13-04-07,525.1,392.34
14-04-07,525.01,391.99
15-04-07,524.96,392.52
16-04-07,524.93,392.55
17-04-07,524.87,392.11
18-04-07,524.81,391.69
19-04-07,524.72,391.77
20-04-07,524.66,392.22
21-04-07,524.63,391.64
22-04-07,524.6,392
23-04-07,524.57,391.63
24-04-07,524.45,391.69
25-04-07,524.36,392.97
26-04-07,524.3,392.37
27-04-07,524.27,392.28
28-04-07,524.27,392
29-04-07,524.26,391.6
30-04-07,524.27,391.74
01-05-07,524.23,391.34
02-05-07,524.19,391.35
03-05-07,524.11,391.42
04-05-07,524.03,391.87
05-05-07,523.97,392.09
06-05-07,523.97,392.07
07-05-07,523.98,390.86
08-05-07,523.92,390.37
09-05-07,523.86,390.87
10-05-07,523.79,391.28
11-05-07,523.78,391.74
12-05-07,523.7,391.67
13-05-07,523.66,391.9
14-05-07,523.65,392.25
15-05-07,523.63,391.77
16-05-07,523.61,392.1
17-05-07,523.58,391.4
18-05-07,523.54,391.92
19-05-07,523.54,392.85
20-05-07,523.49,392.46
21-05-07,523.49,392.24
22-05-07,523.49,392.05
23-05-07,523.49,391.72
24-05-07,523.49,392.21
25-05-07,523.49,392.2
26-05-07,523.49,392.28
27-05-07,523.5,392.4
28-05-07,523.56,392.5
29-05-07,523.57,392.61
30-05-07,523.58,392.31
31-05-07,523.64,392.43
01-06-07,523.66,391.62
02-06-07,523.67,390.68
03-06-07,523.69,389.36
04-06-07,523.7,389.48
05-06-07,523.6,390.86
06-06-07,523.6,391.8
07-06-07,523.57,392.13
08-06-07,523.6,391.07
09-06-07,523.61,390.45
10-06-07,523.6,390.2
11-06-07,523.62,390.25
12-06-07,523.63,390.46
13-06-07,523.64,389.9
14-06-07,523.62,390.48
15-06-07,523.57,390.24
16-06-07,523.58,390.79
17-06-07,523.59,391.45
18-06-07,523.66,391.6
19-06-07,523.74,391.53
20-06-07,523.76,391.76
21-06-07,523.79,391.46
22-06-07,523.81,391.37
23-06-07,523.83,391.45
24-06-07,523.86,390.78
25-06-07,523.88,390.71
26-06-07,523.91,390.46
27-06-07,523.96,390.54
28-06-07,523.98,390.3
29-06-07,523.99,390.21
30-06-07,524.01,390.02
01-07-07,524.04,389.9
02-07-07,524.04,390
03-07-07,524.06,389.58
04-07-07,524.06,389.36
05-07-07,524.07,389.47
06-07-07,524.03,389.59
07-07-07,523.98,389.93
08-07-07,524,390.71
09-07-07,524.01,390.07
10-07-07,524.03,389.25
11-07-07,524.03,388.99
12-07-07,524,388.29
13-07-07,523.96,388.45
14-07-07,523.91,388.09
15-07-07,523.86,388.42
16-07-07,523.86,388.96
17-07-07,523.82,389.04
18-07-07,523.83,389.76
19-07-07,523.88,389.09
20-07-07,523.9,388
21-07-07,523.91,387.56
22-07-07,523.91,387.02
23-07-07,523.98,387.47
24-07-07,524.02,387.48
25-07-07,524.1,387.29
26-07-07,524.15,387.92
27-07-07,524.19,387.88
28-07-07,524.22,388.13
29-07-07,524.24,387.57
30-07-07,524.29,387.71
31-07-07,524.32,387.72
01-08-07,524.32,387.74
02-08-07,524.33,388.59
03-08-07,524.34,388.31
04-08-07,524.38,388
05-08-07,524.4,388.4
06-08-07,524.46,388.56
07-08-07,524.56,388.44
08-08-07,524.66,388.23
09-08-07,524.71,388
10-08-07,524.77,387.75
11-08-07,524.75,388.32
12-08-07,524.8,388.32
13-08-07,524.86,388.15
14-08-07,524.97,387.52
15-08-07,525.08,387.93
16-08-07,525.19,388.27
17-08-07,525.31,388.43
18-08-07,525.39,388.28
19-08-07,525.48,388.02
20-08-07,525.52,388.22
21-08-07,525.56,387.27
22-08-07,525.61,386.74
23-08-07,525.62,386.61
24-08-07,525.65,387.73
25-08-07,525.75,388.67
26-08-07,525.81,387.95
27-08-07,525.92,388.24
28-08-07,526.02,388.37
29-08-07,526.11,388.89
30-08-07,526.24,388.55
31-08-07,526.36,389.06
01-09-07,526.54,389.24
02-09-07,526.65,389.7
03-09-07,526.78,390.18
04-09-07,526.88,388.2
05-09-07,526.96,386.92
06-09-07,527.03,386.28
07-09-07,527.11,387.4
08-09-07,527.18,388.04
09-09-07,527.26,388.65
10-09-07,527.46,388.95
11-09-07,527.55,388.97
12-09-07,527.65,388.24
13-09-07,527.74,388.05
14-09-07,527.85,388.24
15-09-07,527.95,388.19
16-09-07,528.09,388.88
17-09-07,528.15,388.56
18-09-07,528.21,387.09
19-09-07,528.23,387.68
20-09-07,528.23,388.32
21-09-07,528.24,388.66
22-09-07,528.29,388.33
23-09-07,528.36,388.3
24-09-07,528.49,388.62
25-09-07,528.62,387.84
26-09-07,528.8,387.69
27-09-07,528.95,387.71
28-09-07,529,387.7
29-09-07,529.1,388.55
30-09-07,529.2,388.18
01-10-07,529.33,388.72
02-10-07,529.4,387.4
03-10-07,529.43,387.87
04-10-07,529.43,388.1
05-10-07,529.43,388.03
06-10-07,529.43,388.39
07-10-07,529.43,388.51
08-10-07,529.44,388.71
09-10-07,529.44,388.02
10-10-07,529.44,388.33
11-10-07,529.45,388.89
12-10-07,529.56,389.05
13-10-07,529.71,389.11
14-10-07,529.81,388.71
15-10-07,529.93,389.1
16-10-07,530,389.04
17-10-07,530.06,389.64
18-10-07,530.11,390.15
19-10-07,530.2,389.79
20-10-07,530.35,390.29
21-10-07,530.46,391.96
22-10-07,530.62,391.58
23-10-07,530.76,392.25
24-10-07,530.99,392.34
25-10-07,531.2,391.58
26-10-07,531.36,390.77
27-10-07,531.5,390.15
28-10-07,531.58,389.5
29-10-07,531.65,390.71
30-10-07,531.7,390.87
31-10-07,531.8,391.21
01-11-07,531.88,391.26
02-11-07,531.96,391.48
03-11-07,532.04,391.51
04-11-07,532.1,391.41
05-11-07,532.17,391.35
06-11-07,532.23,391
07-11-07,532.28,390.98
08-11-07,532.33,390.76
09-11-07,532.39,390.78
10-11-07,532.44,390.79
11-11-07,532.49,391.01
12-11-07,532.53,391.17
13-11-07,532.57,391.39
14-11-07,532.62,391.67
15-11-07,532.67,391.27
16-11-07,532.71,391.19
17-11-07,532.73,391.15
18-11-07,532.76,391.29
19-11-07,532.81,391.33
20-11-07,532.84,391.37
21-11-07,532.88,391.29
22-11-07,532.91,390.82
23-11-07,532.94,390.47
24-11-07,532.98,390.23
25-11-07,533.02,389.92
26-11-07,533.06,389.4
27-11-07,533.07,389.13
28-11-07,533.11,388.85
29-11-07,533.13,388.67
30-11-07,533.16,388.39
01-12-07,533.19,388.3
02-12-07,533.22,388.05
03-12-07,533.24,387.7
04-12-07,533.26,387.66
05-12-07,533.28,387.63
06-12-07,533.3,387.58
07-12-07,533.32,387.36
08-12-07,533.35,387.12
09-12-07,533.38,386.82
10-12-07,533.4,386.2
11-12-07,533.41,386.03
12-12-07,533.43,385.95
13-12-07,533.45,385.79
14-12-07,533.47,385.33
15-12-07,533.48,385.22
16-12-07,533.5,385.41
17-12-07,533.51,387.78
18-12-07,533.51,386.43
19-12-07,533.52,386.87
20-12-07,533.53,387.32
21-12-07,533.54,387.3
22-12-07,533.54,388.1
23-12-07,533.54,388.47
24-12-07,533.54,388.9
25-12-07,533.54,389.51
26-12-07,533.54,389.73
27-12-07,533.54,389.41
28-12-07,533.54,389.46
29-12-07,533.54,390.08
30-12-07,533.54,390.53
31-12-07,533.54,390.38
01-01-08,533.54,390.23
02-01-08,533.54,390.12
03-01-08,533.55,389.91
04-01-08,533.56,389.58
05-01-08,533.56,389.62
06-01-08,533.56,389.56
07-01-08,533.56,389.69
08-01-08,533.56,389.85
09-01-08,533.57,389.88
10-01-08,533.57,390.16
11-01-08,533.57,390.38
12-01-08,533.57,390.7
13-01-08,533.57,391.03
14-01-08,533.57,391.13
15-01-08,533.57,391.18
16-01-08,533.57,391.1
17-01-08,533.58,391.33
18-01-08,533.58,391.57
19-01-08,533.58,391.64
20-01-08,533.58,391.58
21-01-08,533.59,391.53
22-01-08,533.59,391.64
23-01-08,533.59,391.66
24-01-08,533.6,391.69
25-01-08,533.6,391.55
26-01-08,533.61,391.5
27-01-08,533.61,391.48
28-01-08,533.61,391.28
29-01-08,533.62,391.51
30-01-08,533.63,391.31
31-01-08,533.63,391.15
01-02-08,533.63,391.02
02-02-08,533.63,391.24
03-02-08,533.63,391.15
04-02-08,533.63,391.31
05-02-08,533.63,391.42
06-02-08,533.62,391.49
07-02-08,533.62,391.8
08-02-08,533.62,391.83
09-02-08,533.61,391.85
10-02-08,533.61,392.02
11-02-08,533.6,391.86
12-02-08,533.59,391.93
13-02-08,533.59,391.9
14-02-08,533.59,391.54
15-02-08,533.59,391.29
16-02-08,533.59,391.27
17-02-08,533.58,391.38
18-02-08,533.58,391.31
19-02-08,533.57,391.31
20-02-08,533.56,391.17
21-02-08,533.55,391.15
22-02-08,533.54,391.18
23-02-08,533.53,391.29
24-02-08,533.53,391.51
25-02-08,533.53,391.45
26-02-08,533.52,391.45
27-02-08,533.52,391.49
28-02-08,533.52,391.59
29-02-08,533.51,391.67
01-03-08,533.5,391.73
02-03-08,533.49,391.59
03-03-08,533.49,391.69
04-03-08,533.49,391.66
05-03-08,533.48,391.39
06-03-08,533.47,391.24
07-03-08,533.45,391.18
08-03-08,533.44,391.25
09-03-08,533.43,391.33
10-03-08,533.42,391.29
11-03-08,533.4,391.03
12-03-08,533.38,391.06
13-03-08,533.38,391.43
14-03-08,533.37,391.05
15-03-08,533.36,391.08
16-03-08,533.35,390.96
17-03-08,533.35,390.79
18-03-08,533.34,390.84
19-03-08,533.31,392.03
20-03-08,533.31,392.37
21-03-08,533.31,392.45
22-03-08,533.31,392.45
23-03-08,533.31,392.18
24-03-08,533.31,392.13
25-03-08,533.27,390.67
26-03-08,533.2,390.23
27-03-08,533.12,389.64
28-03-08,533.02,389.38
29-03-08,532.92,389.53
30-03-08,532.82,389.38
31-03-08,532.72,391.52
01-04-08,532.62,391.44
02-04-08,532.52,390.91
03-04-08,532.41,390.54
04-04-08,532.31,390.62
05-04-08,532.19,391.19
06-04-08,532.07,390.77
07-04-08,531.96,390.99
08-04-08,531.84,390.36
09-04-08,531.72,389.72
10-04-08,531.6,389.59
11-04-08,531.48,391.35
12-04-08,531.38,391.59
13-04-08,531.25,392.04
14-04-08,531.15,392.1
15-04-08,531.04,391.32
16-04-08,530.94,391.54
17-04-08,530.84,391.09
18-04-08,530.72,391.65
19-04-08,530.6,391.74
20-04-08,530.48,391.42
21-04-08,530.38,392.39
22-04-08,530.26,391.8
23-04-08,530.14,391.7
24-04-08,530.02,391.95
25-04-08,529.91,391.97
26-04-08,529.77,391.73
27-04-08,529.63,391.96
28-04-08,529.51,392.63
29-04-08,529.38,392.18
30-04-08,529.25,392.02
01-05-08,529.12,391.89
02-05-08,529,392.08
03-05-08,528.87,391.48
04-05-08,528.72,391.97
05-05-08,528.6,392.27
06-05-08,528.48,391.72
07-05-08,528.36,391.53
08-05-08,528.36,391.53
09-05-08,528.07,391.89
10-05-08,527.92,391.51
11-05-08,527.82,390.88
12-05-08,527.68,391.35
13-05-08,527.55,390.66
14-05-08,527.41,390.54
15-05-08,527.27,391.08
16-05-08,527.12,391.39
17-05-08,526.97,391.19
18-05-08,526.83,392.11
19-05-08,526.78,391.33
20-05-08,526.64,391.58
21-05-08,526.51,392.18
22-05-08,526.39,391.29
23-05-08,526.26,390.86
24-05-08,526.12,390.75
25-05-08,525.97,390.66
26-05-08,525.84,392.82
27-05-08,525.75,391.27
28-05-08,525.67,389.46
29-05-08,525.54,389.45
30-05-08,525.4,390.06
31-05-08,525.26,391.03
01-06-08,525.11,392.38
02-06-08,525.08,391.1
03-06-08,525.05,390.2
04-06-08,525.04,391.41
05-06-08,524.98,391.66
06-06-08,524.92,391.77
07-06-08,524.78,391.36
08-06-08,524.73,390.87
09-06-08,524.65,390.5
10-06-08,524.59,390.67
11-06-08,524.52,391.04
12-06-08,524.45,390.71
13-06-08,524.35,390.81
14-06-08,524.31,390.53
15-06-08,524.28,390.39
16-06-08,524.23,390.22
17-06-08,524.12,390.5
18-06-08,524.06,389.98
19-06-08,524.03,389.97
20-06-08,524,390.79
21-06-08,524.03,390.14
22-06-08,524.19,390.04
23-06-08,524.23,389.89
24-06-08,524.21,390.76
25-06-08,524.22,389.71
26-06-08,524.21,389.92
27-06-08,524.24,390.13
28-06-08,524.36,390.02
29-06-08,524.53,390.61
30-06-08,524.63,390.4
01-07-08,524.67,390.93
02-07-08,524.74,390.66
03-07-08,524.85,390.79
04-07-08,524.9,390.58
05-07-08,524.91,390.7
06-07-08,524.99,391.07
07-07-08,525.09,390.57
08-07-08,525.2,390.9
09-07-08,525.3,391.02
10-07-08,525.36,390.86
11-07-08,525.49,390.7
12-07-08,525.54,390.24
13-07-08,525.64,390.57
14-07-08,525.7,390.02
15-07-08,525.84,390.43
16-07-08,526.02,390.25
17-07-08,526.09,390.17
18-07-08,526.16,390.95
19-07-08,526.22,390.19
20-07-08,526.28,390.05
21-07-08,526.45,390.11
22-07-08,526.58,389.99
23-07-08,526.86,390.53
24-07-08,526.98,390.45
25-07-08,527.18,389.87
26-07-08,527.3,389.77
27-07-08,527.49,390.26
28-07-08,527.55,390.34
29-07-08,527.62,389.58
30-07-08,527.65,390.26
31-07-08,527.74,390.79
01-08-08,527.79,390.9
02-08-08,527.98,390.62
03-08-08,528.08,390.19
04-08-08,528.25,390.42
05-08-08,528.38,389.82
06-08-08,528.56,390.4
07-08-08,528.68,391.12
08-08-08,528.78,391.29
09-08-08,528.85,390.7
10-08-08,528.89,391.66
11-08-08,529.03,390.98
12-08-08,529.12,390.17
13-08-08,529.13,390.04
14-08-08,529.15,390.36
15-08-08,529.21,391.29
16-08-08,529.3,390.69
17-08-08,529.42,391.27
18-08-08,529.55,390.21
19-08-08,529.6,390.44
20-08-08,529.61,391.3
21-08-08,529.63,390.82
22-08-08,529.65,391.64
23-08-08,529.68,391.57
24-08-08,529.68,391.99
25-08-08,529.7,391.64
26-08-08,529.7,391.27
27-08-08,529.7,390.43
28-08-08,529.7,391.02
29-08-08,529.7,391.72
30-08-08,529.7,391.68
31-08-08,529.68,390.93
01-09-08,529.67,390.63
02-09-08,529.64,390.35
03-09-08,529.6,390.68
04-09-08,529.58,390.82
05-09-08,529.57,391.05
06-09-08,529.6,391.14
07-09-08,529.69,390.65
08-09-08,529.8,391.71
09-09-08,529.91,390.97
10-09-08,529.92,390.58
11-09-08,529.99,390.46
12-09-08,530.02,389.53
13-09-08,530.01,388.44
14-09-08,530,388.09
15-09-08,529.97,390.06
16-09-08,529.96,389.96
17-09-08,530.05,389.1
18-09-08,530.08,388.21
19-09-08,530.07,388.9
20-09-08,530.08,389.35
21-09-08,530.17,390.16
22-09-08,530.25,390.29
23-09-08,530.29,389.48
24-09-08,530.37,389.3
25-09-08,530.46,389.89
26-09-08,530.6,390.39
27-09-08,530.73,390.72
28-09-08,530.95,390.84
29-09-08,531.13,389.66
30-09-08,531.23,390.03
01-10-08,531.29,390.8
02-10-08,531.34,390.99
03-10-08,531.39,391.18
04-10-08,531.51,390.11
05-10-08,531.69,389.49
06-10-08,531.82,389.85
07-10-08,531.89,389.92
08-10-08,531.93,390.04
09-10-08,532.01,389.99
10-10-08,532.14,390.18
11-10-08,532.25,391.26
12-10-08,532.35,390.51
13-10-08,532.43,390.3
14-10-08,532.55,390.31
15-10-08,532.56,390.36
16-10-08,532.57,390.51
17-10-08,532.61,390.02
18-10-08,532.65,390.28
19-10-08,532.69,390.92
20-10-08,532.78,389.61
21-10-08,532.81,389.4
22-10-08,532.85,389.76
23-10-08,532.87,390.05
24-10-08,532.89,390.4
25-10-08,532.9,390.54
26-10-08,532.92,390.34
27-10-08,532.94,389.88
28-10-08,532.95,389.79
29-10-08,532.96,389.79
30-10-08,532.95,390.56
31-10-08,532.94,390.81
01-11-08,532.91,390.7
02-11-08,532.9,390.62
03-11-08,532.89,391.03
04-11-08,532.86,391.32
05-11-08,532.84,391.27
06-11-08,532.8,390.9
07-11-08,532.76,391.02
08-11-08,532.71,391.49
09-11-08,532.69,390.2
10-11-08,532.67,389.92
11-11-08,532.64,389.88
12-11-08,532.58,390.98
13-11-08,532.53,390.88
14-11-08,532.48,390.66
15-11-08,532.44,390.52
16-11-08,532.38,390.77
17-11-08,532.37,390.63
18-11-08,532.36,390.59
19-11-08,532.35,390.69
20-11-08,532.31,390.94
21-11-08,532.26,391.14
22-11-08,532.23,391.38
23-11-08,532.22,391.14
24-11-08,532.21,390.48
25-11-08,532.17,390.04
26-11-08,532.13,390.71
27-11-08,532.07,391.08
28-11-08,532.03,390.88
29-11-08,532,391.23
30-11-08,531.98,391.27
01-12-08,531.97,391.14
02-12-08,531.94,391.2
03-12-08,531.93,391.44
04-12-08,531.91,391.24
05-12-08,531.89,391.43
06-12-08,531.87,391.25
07-12-08,531.85,390.91
08-12-08,531.83,390.6
09-12-08,531.79,389.9
10-12-08,531.72,389.74
11-12-08,531.66,390.4
12-12-08,531.63,390.89
13-12-08,531.63,390.89
14-12-08,531.62,391.09
15-12-08,531.6,390.74
16-12-08,531.55,390.59
17-12-08,531.48,390.97
18-12-08,531.44,390.8
19-12-08,531.4,390.94
20-12-08,531.35,391.06
21-12-08,531.33,390.94
22-12-08,531.31,391.12
23-12-08,531.28,390.96
24-12-08,531.26,391.03
25-12-08,531.26,390.01
26-12-08,531.25,390.92
27-12-08,531.23,390.99
28-12-08,531.23,391.09
29-12-08,531.22,391.18
30-12-08,531.21,391.05
31-12-08,531.2,390.72
01-01-09,531.19,390.71
02-01-09,531.19,390.94
03-01-09,531.16,391.83
04-01-09,531.14,391.99
05-01-09,531.13,392.19
06-01-09,531.11,391.82
07-01-09,531.08,391.73
08-01-09,531.03,391.49
09-01-09,530.99,392.16
10-01-09,530.95,392.39
11-01-09,530.93,391.75
12-01-09,530.93,392.1
13-01-09,530.89,391.79
14-01-09,530.85,391.78
15-01-09,530.81,391.71
16-01-09,530.76,391.24
17-01-09,530.71,391.1
18-01-09,530.66,391.69
19-01-09,530.65,391.93
20-01-09,530.63,391.7
21-01-09,530.58,391.53
22-01-09,530.53,391.8
23-01-09,530.5,392.05
24-01-09,530.49,392.09
25-01-09,530.47,391.86
26-01-09,530.46,391.83
27-01-09,530.41,391.48
28-01-09,530.35,391.42
29-01-09,530.29,391.69
30-01-09,530.24,391.94
31-01-09,530.2,392.15
01-02-09,530.17,391.49
02-02-09,530.16,391.71
03-02-09,530.14,391.04
04-02-09,530.09,390.84
05-02-09,530.03,391.11
06-02-09,529.98,391.52
07-02-09,529.93,391.48
08-02-09,529.91,391.09
09-02-09,529.91,390.7
10-02-09,529.85,390.28
11-02-09,529.78,390.14
12-02-09,529.7,390.3
13-02-09,529.61,391.26
14-02-09,529.54,391.03
15-02-09,529.49,390.64
16-02-09,529.48,390.43
17-02-09,529.43,390.19
18-02-09,529.37,389.99
19-02-09,529.31,390.44
20-02-09,529.23,390.99
21-02-09,529.17,390.76
22-02-09,529.14,390.36
23-02-09,529.13,390.7
24-02-09,529.1,390.49
25-02-09,529.05,390.63
26-02-09,528.97,390.35
27-02-09,528.88,390.19
28-02-09,528.79,390.43
01-03-09,528.76,391.09
02-03-09,528.75,391.45
03-03-09,528.7,391.59
04-03-09,528.66,391.93
05-03-09,528.61,392.31
06-03-09,528.57,392.39
07-03-09,528.53,392.59
08-03-09,528.49,391.94
09-03-09,528.45,391.75
10-03-09,528.4,391.31
11-03-09,528.32,391.54
12-03-09,528.25,391.92
13-03-09,528.18,391.62
14-03-09,528.13,391.64
15-03-09,528.09,391.45
16-03-09,528.08,391.95
17-03-09,528.06,391.62
18-03-09,528,391.08
19-03-09,527.92,391.59
20-03-09,527.84,391.46
21-03-09,527.76,391.83
22-03-09,527.7,392.17
23-03-09,527.68,391.92
24-03-09,527.59,391.44
25-03-09,527.49,391.99
26-03-09,527.37,392.32
27-03-09,527.29,391.7
28-03-09,527.18,391.92
29-03-09,527.1,392.22
30-03-09,527.08,391.57
31-03-09,527,391.71
01-04-09,526.92,390.54
02-04-09,526.84,390.78
03-04-09,526.74,390.69
04-04-09,526.64,390.94
05-04-09,526.59,390.4
06-04-09,526.51,391.16
07-04-09,526.44,391.15
08-04-09,526.36,391.28
09-04-09,526.26,391.27
10-04-09,526.18,391.86
11-04-09,526.15,392.16
12-04-09,526.1,391.77
13-04-09,526.07,391.62
14-04-09,525.98,391.2
15-04-09,525.88,391.93
16-04-09,525.79,392.19
17-04-09,525.73,392.19
18-04-09,525.65,391.98
19-04-09,525.56,392.09
20-04-09,525.5,392.31
21-04-09,525.43,392.69
22-04-09,525.39,391.83
23-04-09,525.34,391.47
24-04-09,525.28,391.73
25-04-09,525.22,391.82
26-04-09,525.16,391.73
27-04-09,525.14,391.67
28-04-09,525.07,391.35
29-04-09,524.97,392.32
30-04-09,524.9,393.02
01-05-09,524.86,392.38
02-05-09,524.84,392.23
03-05-09,524.82,392.11
04-05-09,524.81,392.26
05-05-09,524.77,392.34
06-05-09,524.72,392.12
07-05-09,524.61,392.08
08-05-09,524.5,392.35
09-05-09,524.39,392.69
10-05-09,524.34,392.1
11-05-09,524.33,392.09
12-05-09,524.27,391.95
13-05-09,524.2,392.49
14-05-09,524.19,392.57
15-05-09,524.18,392.32
16-05-09,524.16,392.33
17-05-09,524.13,393.01
18-05-09,524.14,391.69
19-05-09,524.13,391.27
20-05-09,524.17,391.77
21-05-09,524.17,391.86
22-05-09,524.16,392.03
23-05-09,524.16,392.2
24-05-09,524.18,392.29
25-05-09,524.2,392.29
26-05-09,524.19,391.79
27-05-09,524.15,391.93
28-05-09,524.13,392.05
29-05-09,524.12,392.35
30-05-09,524.14,392.39
31-05-09,524.15,392.24
01-06-09,524.16,391.74
02-06-09,524.17,391.64
03-06-09,524.19,391.74
04-06-09,524.19,391.72
05-06-09,524.18,391.5
06-06-09,524.19,391.24
07-06-09,524.2,391.7
08-06-09,524.18,391.68
09-06-09,524.08,390.9
10-06-09,524.01,391.16
11-06-09,523.93,391.06
12-06-09,523.82,391.34
13-06-09,523.74,391.92
14-06-09,523.72,392.04
15-06-09,523.69,391.14
16-06-09,523.64,390.82
17-06-09,523.59,391.18
18-06-09,523.58,390.98
19-06-09,523.65,390.68
20-06-09,523.67,390.3
21-06-09,523.67,389.94
22-06-09,523.71,390.8
23-06-09,523.73,390.4
24-06-09,523.79,390.6
25-06-09,523.82,389.82
26-06-09,523.81,389.74
27-06-09,523.83,389.14
28-06-09,523.87,388.74
29-06-09,523.9,388
30-06-09,523.92,387.7
01-07-09,523.94,388.3
02-07-09,523.93,389.91
03-07-09,523.98,390.32
04-07-09,524.06,390.27
05-07-09,524.1,390.15
06-07-09,524.12,389.93
07-07-09,524.12,389.62
08-07-09,524.06,389.53
09-07-09,524,389.42
10-07-09,524.04,389.71
11-07-09,524.01,390.53
12-07-09,524.04,390.6
13-07-09,524.1,389.95
14-07-09,524.07,389.65
15-07-09,524.04,388.94
16-07-09,524.01,389.29
17-07-09,523.99,389.68
18-07-09,523.97,389.43
19-07-09,523.96,389.38
20-07-09,523.95,389.32
21-07-09,523.91,387.81
22-07-09,523.86,388.08
23-07-09,523.76,388.59
24-07-09,523.68,389.09
25-07-09,523.62,389.34
26-07-09,523.6,388.73
27-07-09,523.59,388.44
28-07-09,523.56,388.16
29-07-09,523.5,387.99
30-07-09,523.43,388.11
31-07-09,523.32,388.08
01-08-09,523.25,388.55
02-08-09,523.21,388.85
03-08-09,523.21,388.25
04-08-09,523.19,388.18
05-08-09,523.13,388.54
06-08-09,523.09,388.55
07-08-09,523.06,388.26
08-08-09,523.02,388.87
09-08-09,523,388.41
10-08-09,523,388.47
11-08-09,522.98,388.05
12-08-09,522.89,387.9
13-08-09,522.82,387.99
14-08-09,522.77,387.86
15-08-09,522.72,387.79
16-08-09,522.66,387.72
17-08-09,522.67,388.23
18-08-09,522.7,387.91
19-08-09,522.78,388.81
20-08-09,522.83,388.54
21-08-09,522.85,388.95
22-08-09,522.81,390.58
23-08-09,522.87,389.96
24-08-09,522.93,389.48
25-08-09,522.9,388.77
26-08-09,522.89,388.57
27-08-09,522.85,388.7
28-08-09,522.81,388.9
29-08-09,522.78,389.58
30-08-09,522.82,389.59
31-08-09,522.85,389.28
01-09-09,522.86,388.69
02-09-09,522.89,388.83
03-09-09,522.92,388.33
04-09-09,522.91,387.86
05-09-09,522.87,388.02
06-09-09,522.81,388.63
07-09-09,522.83,388.96
08-09-09,522.87,388.77
09-09-09,522.81,388.78
10-09-09,522.81,388.59
11-09-09,522.81,388.81
12-09-09,522.82,389.26
13-09-09,522.88,389.18
14-09-09,522.91,389
15-09-09,522.96,388.59
16-09-09,522.99,388.7
17-09-09,523,388.81
18-09-09,522.99,388.09
19-09-09,522.95,388.65
20-09-09,522.94,388.89
21-09-09,523,388.5
22-09-09,522.97,388.86
23-09-09,523.06,388.84
24-09-09,523.07,388.5
25-09-09,523.16,388.2
26-09-09,523.26,389.06
27-09-09,523.5,389.2
28-09-09,523.66,388.88
29-09-09,523.69,388.56
30-09-09,523.72,389.64
01-10-09,523.74,389.13
02-10-09,523.71,389
03-10-09,523.68,389.49
04-10-09,523.65,389.69
05-10-09,523.68,389.8
06-10-09,523.66,388.76
07-10-09,523.64,390.1
08-10-09,523.62,390.96
09-10-09,523.6,391.49
10-10-09,523.58,391.97
11-10-09,523.64,391.4
12-10-09,523.68,391.23
13-10-09,523.69,390.73
14-10-09,523.66,390.8
15-10-09,523.63,391.23
16-10-09,523.57,391.52
17-10-09,523.57,392.08
18-10-09,523.59,391.9
19-10-09,523.64,391.81
20-10-09,523.69,391.61
21-10-09,523.69,391.39
22-10-09,523.72,391.56
23-10-09,523.72,391.08
24-10-09,523.71,391.52
25-10-09,523.75,391.41
26-10-09,523.77,390.69
27-10-09,523.76,390.86
28-10-09,523.76,391.46
29-10-09,523.79,391.36
30-10-09,523.77,391.55
31-10-09,523.8,391.51
01-11-09,523.89,391.38
02-11-09,523.99,391.5
03-11-09,524.08,391.34
04-11-09,524.15,391.3
05-11-09,524.2,391.22
06-11-09,524.32,391.24
07-11-09,524.48,391.11
08-11-09,524.6,391.05
09-11-09,524.68,391.15
10-11-09,524.79,391.25
11-11-09,524.82,391.14
12-11-09,524.88,391.2
13-11-09,524.97,391.09
14-11-09,525.02,391.05
15-11-09,525.06,391.43
16-11-09,525.12,391.71
17-11-09,525.14,391.79
18-11-09,525.2,391.73
19-11-09,525.22,391.39
20-11-09,525.27,391.65
21-11-09,525.29,391.61
22-11-09,525.31,391.16
23-11-09,525.35,391.07
24-11-09,525.38,391.29
25-11-09,525.38,391.22
26-11-09,525.39,391.17
27-11-09,525.42,391.19
28-11-09,525.43,391.12
29-11-09,525.44,391.42
30-11-09,525.45,391.79
01-12-09,525.45,391.8
02-12-09,525.44,391.86
03-12-09,525.43,391.72
04-12-09,525.44,391.69
05-12-09,525.44,391.32
06-12-09,525.47,390.93
07-12-09,525.48,390.75
08-12-09,525.47,390.33
09-12-09,525.42,390.07
10-12-09,525.37,390.26
11-12-09,525.35,390.44
12-12-09,525.35,390.76
13-12-09,525.38,391.07
14-12-09,525.39,390.91
15-12-09,525.39,390.65
16-12-09,525.38,390.59
17-12-09,525.38,390.8
18-12-09,525.39,390.81
19-12-09,525.4,390.75
20-12-09,525.4,390.52
21-12-09,525.42,391.01
22-12-09,525.48,391.16
23-12-09,525.5,391.27
24-12-09,525.54,391.59
25-12-09,525.56,391.48
26-12-09,525.58,391.49
27-12-09,525.59,391.47
28-12-09,525.6,391.4
29-12-09,525.69,391.49
30-12-09,525.62,391.66
31-12-09,525.64,391.81
01-01-10,525.66,391.7
02-01-10,525.67,391.78
03-01-10,525.69,391.45
04-01-10,525.7,390.99
05-01-10,525.67,391.26
06-01-10,525.67,391.46
07-01-10,525.66,391.53
08-01-10,525.67,391.43
09-01-10,525.65,391.39
10-01-10,525.64,391.54
11-01-10,525.63,391.68
12-01-10,525.64,391.66
13-01-10,525.64,391.54
14-01-10,525.65,391.49
15-01-10,525.66,391.54
16-01-10,525.68,391.83
17-01-10,525.68,391.85
18-01-10,525.7,391.79
19-01-10,525.71,391.59
20-01-10,525.71,391.48
21-01-10,525.71,391.57
22-01-10,525.7,391.49
23-01-10,525.7,391.71
24-01-10,525.68,391.37
25-01-10,525.67,391.39
26-01-10,525.67,391.69
27-01-10,525.65,391.96
28-01-10,525.64,391.94
29-01-10,525.61,391.71
30-01-10,525.58,391.67
31-01-10,525.58,391.9
01-02-10,525.59,392.05
02-02-10,525.59,391.7
03-02-10,525.59,391.96
04-02-10,525.58,391.58
05-02-10,525.59,391.6
06-02-10,525.59,391.75
07-02-10,525.6,391.73
08-02-10,525.6,391.61
09-02-10,525.61,391.74
10-02-10,525.62,391.6
11-02-10,525.62,391.44
12-02-10,525.63,391.18
13-02-10,525.63,390.82
14-02-10,525.62,390.75
15-02-10,525.63,390.93
16-02-10,525.61,390.95
17-02-10,525.6,390.78
18-02-10,525.58,391.12
19-02-10,525.57,391.24
20-02-10,525.56,391.59
21-02-10,525.55,391.82
22-02-10,525.55,391.96
23-02-10,525.55,391.89
24-02-10,525.54,391.94
25-02-10,525.53,392.09
26-02-10,525.53,391.83
27-02-10,525.52,391.81
28-02-10,525.53,391.76
01-03-10,525.52,391.76
02-03-10,525.5,391.33
03-03-10,525.46,391.58
04-03-10,525.43,391.83
05-03-10,525.41,392.1
06-03-10,525.4,392.01
07-03-10,525.4,391.94
08-03-10,525.39,391.82
09-03-10,525.34,391.5
10-03-10,525.3,391.47
11-03-10,525.23,391.71
12-03-10,525.18,391.92
13-03-10,525.15,391.96
14-03-10,525.12,392.05
15-03-10,525.12,391.82
16-03-10,525.1,391.41
17-03-10,525.08,391.28
18-03-10,525.07,391.35
19-03-10,525.07,391.37
20-03-10,525.05,391.13
21-03-10,525.02,391.03
22-03-10,525.02,391.3
23-03-10,525,391.19
24-03-10,524.98,391.05
25-03-10,524.95,390.96
26-03-10,524.92,391.08
27-03-10,524.89,391.29
28-03-10,524.86,391.12
29-03-10,524.85,391.39
30-03-10,524.84,391.36
31-03-10,524.82,391.11
01-04-10,524.77,390.93
02-04-10,524.75,391.13
03-04-10,524.74,391.5
04-04-10,524.71,391.1
05-04-10,524.67,391.16
06-04-10,524.61,391.44
07-04-10,524.52,391.55
08-04-10,524.46,392.04
09-04-10,524.41,392.35
10-04-10,524.41,392.1
11-04-10,524.39,391.23
12-04-10,524.38,391.32
13-04-10,524.34,391.7
14-04-10,524.31,391.93
15-04-10,524.3,391.48
16-04-10,524.3,391.4
17-04-10,524.33,391.03
18-04-10,524.33,391.11
19-04-10,524.33,391.03
20-04-10,524.31,391.25
21-04-10,524.3,391.41
22-04-10,524.28,390.97
23-04-10,524.25,390.79
24-04-10,524.23,391.1
25-04-10,524.21,391.13
26-04-10,524.19,391.46
27-04-10,524.17,391.56
28-04-10,524.15,391.22
29-04-10,524.16,391.55
30-04-10,524.17,391.55
01-05-10,524.17,391.38
02-05-10,524.17,391.66
03-05-10,524.18,391.55
04-05-10,524.18,391.67
05-05-10,524.17,391.52
06-05-10,524.12,390.97
07-05-10,524.04,390.7
08-05-10,523.97,391.1
09-05-10,523.96,391.82
10-05-10,523.96,392
11-05-10,523.96,392.05
12-05-10,523.92,391.82
13-05-10,523.87,391.74
14-05-10,523.82,391.73
15-05-10,523.78,392.14
16-05-10,523.79,392.3
17-05-10,523.8,392.35
18-05-10,523.81,392.09
19-05-10,523.81,391.75
20-05-10,523.8,391.18
21-05-10,523.76,390.99
22-05-10,523.71,391.64
23-05-10,523.7,391.79
24-05-10,523.73,391.83
25-05-10,523.72,391.93
26-05-10,523.7,391.7
27-05-10,523.72,391.76
28-05-10,523.75,391.63
29-05-10,523.76,391.65
30-05-10,523.93,392.07
31-05-10,524.11,391.83
01-06-10,524.18,391.73
02-06-10,524.19,391.57
03-06-10,524.18,391.46
04-06-10,524.17,391.9
05-06-10,524.22,392.18
06-06-10,524.22,391.88
07-06-10,524.24,391.87
08-06-10,524.2,391.63
09-06-10,524.18,391.55
10-06-10,524.17,391.89
11-06-10,524.17,391.75
12-06-10,524.19,391.86
13-06-10,524.23,392.15
14-06-10,524.28,392.4
15-06-10,524.39,392.29
16-06-10,524.38,391.99
17-06-10,524.49,391.39
18-06-10,524.62,390.83
19-06-10,524.58,391.4
20-06-10,524.68,391.87
21-06-10,524.79,390.51
22-06-10,524.75,390.47
23-06-10,524.7,391.04
24-06-10,524.66,391.31
25-06-10,524.6,391.55
26-06-10,524.56,390.97
27-06-10,524.52,391.3
28-06-10,524.63,392.48
29-06-10,524.8,391.2
30-06-10,524.86,390.85
01-07-10,524.9,391.58
02-07-10,525.03,391.6
03-07-10,525.06,390.39
04-07-10,525.06,390.88
05-07-10,525.13,391.03
06-07-10,525.16,389.86
07-07-10,525.14,389.58
08-07-10,525.15,390.79
09-07-10,525.23,391.1
10-07-10,525.33,391.66
11-07-10,525.45,391.38
12-07-10,525.56,391.34
13-07-10,525.67,390.32
14-07-10,525.7,390.4
15-07-10,525.71,391.14
16-07-10,525.72,391.7
17-07-10,525.72,391.85
18-07-10,525.77,390.59
19-07-10,526.02,389.85
20-07-10,526.26,390.64
21-07-10,526.46,392.11
22-07-10,526.6,391.7
23-07-10,526.8,390.38
24-07-10,526.91,390.02
25-07-10,527,389.74
26-07-10,527.09,390.25
27-07-10,527.23,389.42
28-07-10,527.45,390.58
29-07-10,527.61,390.49
30-07-10,527.7,388.03
31-07-10,527.73,388.66
01-08-10,527.79,388.86
02-08-10,527.94,389
03-08-10,528.05,388.52
04-08-10,528.17,389.02
05-08-10,528.41,388.88
06-08-10,528.6,390.06
07-08-10,528.9,389.75
08-08-10,529.11,388.32
09-08-10,529.27,389.04
10-08-10,529.42,390.21
11-08-10,529.57,390.04
12-08-10,529.74,389.73
13-08-10,529.87,388.74
14-08-10,530.02,389.33
15-08-10,530.14,388.83
16-08-10,530.32,388.55
17-08-10,530.49,389.14
18-08-10,530.64,390.52
19-08-10,530.86,391.8
20-08-10,531.2,391.72
21-08-10,531.54,390.21
22-08-10,531.95,389.39
23-08-10,532.41,389.74
24-08-10,532.81,389.92
25-08-10,533.04,389.23
26-08-10,533.34,388.57
27-08-10,533.58,389.29
28-08-10,533.9,389.37
29-08-10,534.25,389.1
30-08-10,534.46,388.17
31-08-10,534.8,388.77
01-09-10,534.98,389.37
02-09-10,535.14,388.6
03-09-10,535.23,389.33
04-09-10,535.28,390.14
05-09-10,535.5,391.04
06-09-10,535.64,391.87
07-09-10,535.71,390.2
08-09-10,535.77,389.83
09-09-10,535.9,389.07
10-09-10,535.98,388.49
11-09-10,536.08,387.39
12-09-10,536.11,387.58
13-09-10,536.11,388.63
14-09-10,536.06,389.22
15-09-10,536,388.29
16-09-10,535.92,388.97
17-09-10,535.88,389.46
18-09-10,535.9,389.87
19-09-10,535.92,389.19
20-09-10,535.97,389.82
21-09-10,536,388.23
22-09-10,536.03,388.79
23-09-10,536.11,388.63
24-09-10,536.03,388.35
25-09-10,535.98,387.43
26-09-10,536.07,388.23
27-09-10,536.16,388.2
28-09-10,536.4,387.32
29-09-10,536.6,387.31
30-09-10,536.81,386.02
01-10-10,536.87,385.65
02-10-10,536.9,387.47
03-10-10,536.89,387.09
04-10-10,536.86,387.55
05-10-10,536.79,388.02
06-10-10,536.72,388.15
07-10-10,536.63,387.68
08-10-10,536.53,388.96
09-10-10,536.43,387.19
10-10-10,536.33,387.89
11-10-10,536.21,387.71
12-10-10,536.09,387.55
13-10-10,535.98,388.43
14-10-10,535.85,387.79
15-10-10,535.79,387.02
16-10-10,535.76,386.45
17-10-10,535.72,387.29
18-10-10,535.68,388.37
19-10-10,535.65,388.48
20-10-10,535.61,388.72
21-10-10,535.57,389.54
22-10-10,535.53,389.28
23-10-10,535.49,388.12
24-10-10,535.44,387.65
25-10-10,535.41,388.12
26-10-10,535.34,388.08
27-10-10,535.29,388.09
28-10-10,535.25,387.91
29-10-10,535.2,388.74
30-10-10,535.15,389.27
31-10-10,535.1,388.07
01-11-10,535.09,388.23
02-11-10,535.03,387.13
03-11-10,534.96,389
04-11-10,534.88,389.59
05-11-10,534.82,389.84
06-11-10,534.76,389.95
07-11-10,534.74,390.17
08-11-10,534.72,390.19
09-11-10,534.66,389.91
10-11-10,534.61,389.88
11-11-10,534.55,390.01
12-11-10,534.49,390.73
13-11-10,534.43,390.44
14-11-10,534.37,390.74
15-11-10,534.36,390.4
16-11-10,534.34,389.07
17-11-10,534.29,388.9
18-11-10,534.23,389.69
19-11-10,534.16,390.68
20-11-10,534.11,391.08
21-11-10,534.07,390.59
22-11-10,534.05,389.29
23-11-10,533.97,389.5
24-11-10,533.91,389.55
25-11-10,533.83,389.95
26-11-10,533.76,389.58
27-11-10,533.75,389.6
28-11-10,533.71,389.11
29-11-10,533.7,388.7
30-11-10,533.63,389.33
01-12-10,533.59,389.95
02-12-10,533.57,387.84
03-12-10,533.55,388.84
04-12-10,533.49,389.89
05-12-10,533.43,390.09
06-12-10,533.42,389.78
07-12-10,533.34,389.74
08-12-10,533.28,389.45
09-12-10,533.22,389.65
10-12-10,533.18,389.72
11-12-10,533.14,389.75
12-12-10,533.12,390.16
13-12-10,533.08,391
14-12-10,533.05,390.63
15-12-10,533.02,390.2
16-12-10,532.98,389.69
17-12-10,532.94,389.59
18-12-10,532.89,389.97
19-12-10,532.88,389.73
20-12-10,532.87,389.96
21-12-10,532.81,389.66
22-12-10,532.76,390.49
23-12-10,532.69,391.53
24-12-10,532.64,392.41
25-12-10,532.63,392.09
26-12-10,532.62,392.2
27-12-10,532.61,391.47
28-12-10,532.57,391.89
29-12-10,532.55,391.82
30-12-10,532.51,391.93
31-12-10,532.47,391.98
01-01-11,532.46,391.96
02-01-11,532.46,392.07
03-01-11,532.45,392
04-01-11,532.4,392.06
05-01-11,532.36,392.05
06-01-11,532.31,392.25
07-01-11,532.26,392.62
08-01-11,532.21,391.99
09-01-11,532.16,391.95
10-01-11,532.13,392.04
11-01-11,532.07,391.09
12-01-11,532.01,391.2
13-01-11,531.95,391.38
14-01-11,531.89,391.5
15-01-11,531.82,392.1
16-01-11,531.78,391.5
17-01-11,531.75,391.88
18-01-11,531.69,392.26
19-01-11,531.61,392.01
20-01-11,531.54,392.32
21-01-11,531.47,392.03
22-01-11,531.39,392.08
23-01-11,531.32,392.4
24-01-11,531.29,392.26
25-01-11,531.24,391.53
26-01-11,531.18,391.88
27-01-11,531.11,392.58
28-01-11,531.07,392.09
29-01-11,531.03,392.03
30-01-11,530.99,392.37
31-01-11,530.96,392.05
01-02-11,530.89,391.79
02-02-11,530.82,391.46
03-02-11,530.73,391.85
04-02-11,530.64,392.66
05-02-11,530.59,391.89
06-02-11,530.56,391.27
07-02-11,530.52,391.6
08-02-11,530.47,391.6
09-02-11,530.38,392.09
10-02-11,530.29,392.85
11-02-11,530.24,391.9
12-02-11,530.16,391.8
13-02-11,530.08,392.05
14-02-11,530.06,392.03
15-02-11,529.99,391.99
16-02-11,529.93,392.21
17-02-11,529.85,392.46
18-02-11,529.77,392.5
19-02-11,529.7,392.24
20-02-11,529.64,392
21-02-11,529.58,391.63
22-02-11,529.49,392.05
23-02-11,529.4,392.1
24-02-11,529.32,392.36
25-02-11,529.26,391.93
26-02-11,529.19,392.11
27-02-11,529.13,392.4
28-02-11,529.1,391.39
01-03-11,529.03,392.08
02-03-11,528.96,392.46
03-03-11,528.89,391.88
04-03-11,528.83,392.22
05-03-11,528.77,392.02
06-03-11,528.71,392.15
07-03-11,528.7,391.95
08-03-11,528.63,391.8
09-03-11,528.55,392.37
10-03-11,528.47,391.86
11-03-11,528.4,392.18
12-03-11,528.34,391.75
13-03-11,528.26,392.15
14-03-11,528.21,391.95
15-03-11,528.13,391.79
16-03-11,528.05,392.27
17-03-11,528.05,391.85
18-03-11,527.88,392.73
19-03-11,527.84,391.67
20-03-11,527.78,392.32
21-03-11,527.77,392.04
22-03-11,527.72,391.79
23-03-11,527.66,391.89
24-03-11,527.57,392.07
25-03-11,527.48,392.28
26-03-11,527.4,392.22
27-03-11,527.32,391.97
28-03-11,527.27,391.95
29-03-11,527.18,392.23
30-03-11,527.08,392.52
31-03-11,526.99,392.12
01-04-11,526.9,392.6
02-04-11,526.84,392.54
03-04-11,526.79,392.01
04-04-11,526.77,391.7
05-04-11,526.69,391.96
06-04-11,526.61,392.55
07-04-11,526.56,391.78
08-04-11,526.47,391.89
09-04-11,526.39,392.58
10-04-11,526.34,391.01
11-04-11,526.28,391.59
12-04-11,526.15,392.09
13-04-11,526.08,392.69
14-04-11,526.04,391.89
15-04-11,525.95,392.49
16-04-11,525.92,391.8
17-04-11,525.87,392.02
18-04-11,525.84,392.13
19-04-11,525.81,392.08
20-04-11,525.76,392.33
21-04-11,525.71,392.15
22-04-11,525.67,392.11
23-04-11,525.65,391.85
24-04-11,525.58,392.09
25-04-11,525.53,391.89
26-04-11,525.42,391.56
27-04-11,525.28,392.26
28-04-11,525.16,392.34
29-04-11,525.07,392.42
30-04-11,525.02,392.31
01-05-11,524.96,391.92
02-05-11,524.91,391.79
03-05-11,524.81,392.64
04-05-11,524.77,392.86
05-05-11,524.74,391.65
06-05-11,524.71,392.06
07-05-11,524.67,391.52
08-05-11,524.59,392.13
09-05-11,524.53,391.09
10-05-11,524.42,392.04
11-05-11,524.39,392.38
12-05-11,524.33,391.94
13-05-11,524.28,391.98
14-05-11,524.19,391.59
15-05-11,524.11,392.11
16-05-11,524.07,392.51
17-05-11,524.02,391.37
18-05-11,523.94,392.19
19-05-11,523.85,392.31
20-05-11,523.76,392.55
21-05-11,523.71,391.29
22-05-11,523.6,391.93
23-05-11,523.49,392.18
24-05-11,523.36,392.64
25-05-11,523.3,391.9
26-05-11,523.18,392.56
27-05-11,523.1,392.2
28-05-11,523.02,391.97
29-05-11,522.93,392.27
30-05-11,522.85,392.15
31-05-11,522.74,392.37
01-06-11,522.69,392.05
02-06-11,522.62,392.32
03-06-11,522.57,392.22
04-06-11,522.53,391.75
05-06-11,522.44,392.23
06-06-11,522.38,391.72
07-06-11,522.29,392.46
08-06-11,522.24,391.85
09-06-11,522.16,391.9
10-06-11,522.05,392.24
11-06-11,521.97,392.18
12-06-11,521.87,392.25
13-06-11,521.79,391.82
14-06-11,521.7,391.98
15-06-11,521.6,392.8
16-06-11,521.59,391.9
17-06-11,521.5,392.38
18-06-11,521.49,392.21
19-06-11,521.49,392.36
20-06-11,521.48,391.74
21-06-11,521.44,392.69
22-06-11,521.43,392.14
23-06-11,521.43,391.63
24-06-11,521.43,392.51
25-06-11,521.42,391.83
26-06-11,521.35,392.66
27-06-11,521.35,392.05
28-06-11,521.67,392.27
29-06-11,521.79,390.24
30-06-11,521.81,390.57
01-07-11,521.87,390.93
02-07-11,521.89,390.43
03-07-11,522.03,390.21
04-07-11,522.16,390.5
05-07-11,522.19,390.11
06-07-11,522.26,390.17
07-07-11,522.33,390.47
08-07-11,522.49,390.33
09-07-11,522.54,390.36
10-07-11,522.61,390.21
11-07-11,522.69,390.41
12-07-11,522.8,390
13-07-11,522.89,390.89
14-07-11,523.02,390.92
15-07-11,523.16,390.33
16-07-11,523.34,390.29
17-07-11,523.38,390.72
18-07-11,523.49,390.23
19-07-11,523.59,389.07
20-07-11,523.7,387.92
21-07-11,523.76,388.08
22-07-11,523.76,387.84
23-07-11,523.77,388.57
24-07-11,523.8,388.66
25-07-11,523.83,387.98
26-07-11,523.8,387.44
27-07-11,523.72,388.87
28-07-11,523.73,388.67
29-07-11,523.7,388.84
30-07-11,523.67,390.01
31-07-11,523.7,389.56
01-08-11,523.82,389.97
02-08-11,524.04,389.81
03-08-11,524.27,390.15
04-08-11,524.4,389.83
05-08-11,524.47,390.01
06-08-11,524.53,389.68
07-08-11,524.58,389.84
08-08-11,524.69,390
09-08-11,524.73,390.01
10-08-11,524.73,389.55
11-08-11,524.72,389.65
12-08-11,524.66,390.04
13-08-11,524.6,389.69
14-08-11,524.58,389.65
15-08-11,524.58,389.97
16-08-11,524.57,389.51
17-08-11,524.48,390.15
18-08-11,524.45,390.46
19-08-11,524.45,389.26
20-08-11,524.39,388.55
21-08-11,524.45,388.04
22-08-11,524.57,388.17
23-08-11,524.67,389.53
24-08-11,524.76,388.57
25-08-11,524.84,389.5
26-08-11,525.03,389.05
27-08-11,525.24,389.86
28-08-11,525.47,389.7
29-08-11,525.68,389.33
30-08-11,525.92,388.97
31-08-11,526.16,390.53
01-09-11,526.42,390.84
02-09-11,526.71,390.04
03-09-11,526.87,388.53
04-09-11,527.02,388.23
05-09-11,527.18,388.17
06-09-11,527.33,388.89
07-09-11,527.5,391
08-09-11,527.7,388.92
09-09-11,527.77,388.97
10-09-11,527.81,389.89
11-09-11,527.9,389.08
12-09-11,527.98,388.7
13-09-11,528,389.19
14-09-11,527.98,388.28
15-09-11,528.01,388.93
16-09-11,528.04,389.8
17-09-11,528.09,390.72
18-09-11,528.17,389.39
19-09-11,528.22,388.92
20-09-11,528.39,388.53
21-09-11,528.55,389.48
22-09-11,528.76,390.72
23-09-11,528.95,391.6
24-09-11,529.18,389.53
25-09-11,529.37,389.12
26-09-11,529.65,388.45
27-09-11,529.76,389.45
28-09-11,529.82,390.09
29-09-11,529.97,390.28
30-09-11,530.2,390.83
01-10-11,530.54,392.27
02-10-11,530.78,391.67
03-10-11,531.02,391.04
04-10-11,531.12,390.1
05-10-11,531.17,390.41
06-10-11,531.31,389.8
07-10-11,531.39,389.08
08-10-11,531.55,389.56
09-10-11,531.6,392.23
10-10-11,531.69,392.07
11-10-11,531.79,391.76
12-10-11,531.96,389.69
13-10-11,532.33,388.75
14-10-11,532.61,387.54
15-10-11,532.76,388.14
16-10-11,532.87,387.87
17-10-11,533.1,389.57
18-10-11,533.31,389.86
19-10-11,533.59,389.27
20-10-11,533.85,389.02
21-10-11,534.06,388.45
22-10-11,534.21,388.2
23-10-11,534.37,387.89
24-10-11,534.49,388.09
25-10-11,534.57,388.27
26-10-11,534.6,388.43
27-10-11,534.62,388.24
28-10-11,534.64,388.28
29-10-11,534.66,388.96
30-10-11,534.69,388.32
31-10-11,534.68,389.02
01-11-11,534.68,388.71
02-11-11,534.67,388.46
03-11-11,534.66,388.63
04-11-11,534.65,388.27
05-11-11,534.64,388.17
06-11-11,534.62,388.8
07-11-11,534.59,388.31
08-11-11,534.56,388.32
09-11-11,534.53,387.78
10-11-11,534.49,388.65
11-11-11,534.45,388.51
12-11-11,534.41,388.22
13-11-11,534.37,388.57
14-11-11,534.34,388.52
15-11-11,534.29,388.89
16-11-11,534.24,388.98
17-11-11,534.18,388.79
18-11-11,534.12,389.96
19-11-11,534.06,390.49
20-11-11,534.02,391.96
21-11-11,533.98,390.59
22-11-11,533.95,389.95
23-11-11,533.9,389.53
24-11-11,533.85,390.38
25-11-11,533.79,391.06
26-11-11,533.75,391.6
27-11-11,533.7,391.79
28-11-11,533.67,391.8
29-11-11,533.64,391.48
30-11-11,533.59,392.2
01-12-11,533.55,392.37
02-12-11,533.51,391.75
03-12-11,533.47,391.53
04-12-11,533.44,391.4
05-12-11,533.41,391.95
06-12-11,533.37,391.26
07-12-11,533.33,391.11
08-12-11,533.29,391.4
09-12-11,533.24,391.35
10-12-11,533.19,391.47
11-12-11,533.15,391.45
12-12-11,533.13,391.51
13-12-11,533.1,391.96
14-12-11,533.06,391.46
15-12-11,533.01,392.13
16-12-11,532.95,391.89
17-12-11,532.91,391.09
18-12-11,532.87,390.96
19-12-11,532.84,391.43
20-12-11,532.78,390.95
21-12-11,532.67,391.75
22-12-11,532.58,392.15
23-12-11,532.5,392.34
24-12-11,532.46,391.6
25-12-11,532.42,390.84
26-12-11,532.37,391.36
27-12-11,532.31,391.4
28-12-11,532.26,391.27
29-12-11,532.18,392.09
30-12-11,532.15,391.49
31-12-11,532.1,391.77
01-01-12,532.09,391.24
02-01-12,532.08,390.78
03-01-12,532.03,391.25
04-01-12,531.96,391.72
05-01-12,531.91,391.93
06-01-12,531.86,391.97
07-01-12,531.79,392.16
08-01-12,531.74,392.18
09-01-12,531.72,391.4
10-01-12,531.63,392.35
11-01-12,531.6,392.09
12-01-12,531.53,392.04
13-01-12,531.46,392.38
14-01-12,531.39,392.18
15-01-12,531.34,391.99
16-01-12,531.31,392.59
17-01-12,531.26,391.79
18-01-12,531.18,391.57
19-01-12,531.1,391.83
20-01-12,531.03,391.84
21-01-12,530.95,391.9
22-01-12,530.86,392.2
23-01-12,530.82,391.9
24-01-12,530.75,391.57
25-01-12,530.68,391.98
26-01-12,530.61,391.96
27-01-12,530.54,392.77
28-01-12,530.49,392.08
29-01-12,530.43,392.03
30-01-12,530.4,391.8
31-01-12,530.35,391.54
01-02-12,530.27,391.59
02-02-12,530.2,391.95
03-02-12,530.13,391.97
04-02-12,530.05,391.9
05-02-12,529.99,392.05
06-02-12,529.97,391.69
07-02-12,529.92,390.88
08-02-12,529.8,391.39
09-02-12,529.71,391.73
10-02-12,529.63,391.88
11-02-12,529.59,391.77
12-02-12,529.53,392.3
13-02-12,529.49,391.79
14-02-12,529.43,391.79
15-02-12,529.39,391.29
16-02-12,529.32,390.74
17-02-12,529.25,390.42
18-02-12,529.18,389.88
19-02-12,529.09,390.74
20-02-12,529.03,391.19
21-02-12,528.97,390.73
22-02-12,528.89,390.99
23-02-12,528.82,390.29
24-02-12,528.72,390.44
25-02-12,528.62,391.21
26-02-12,528.53,392.36
27-02-12,528.5,391.49
28-02-12,528.43,391.95
29-02-12,528.37,391.69
01-03-12,528.29,391.89
02-03-12,528.21,391.61
03-03-12,528.12,390.85
04-03-12,528.01,391.66
05-03-12,527.99,391.98
06-03-12,527.92,391.91
07-03-12,527.84,392.37
08-03-12,527.76,391.73
09-03-12,527.67,391.6
10-03-12,527.58,392.45
11-03-12,527.53,392.19
12-03-12,527.5,392.13
13-03-12,527.48,392.41
14-03-12,527.43,392.05
15-03-12,527.39,392.07
16-03-12,527.33,392.03
17-03-12,527.27,392.19
18-03-12,527.23,392.22
19-03-12,527.19,392.05
20-03-12,527.14,391.93
21-03-12,527.08,391.63
22-03-12,527.01,391.42
23-03-12,526.93,391.59
24-03-12,526.86,391.59
25-03-12,526.79,391.64
26-03-12,526.72,391.69
27-03-12,526.63,392.37
28-03-12,526.57,391.76
29-03-12,526.46,392.03
30-03-12,526.37,392.2
31-03-12,526.29,391.5
01-04-12,526.22,391.09
02-04-12,526.17,391.35
03-04-12,526.08,391.54
04-04-12,525.96,392.06
05-04-12,525.86,392.25
06-04-12,525.81,392.09
07-04-12,525.77,391.9
08-04-12,525.72,391.35
09-04-12,525.64,392.16
10-04-12,525.54,392.77
11-04-12,525.5,391.08
12-04-12,525.4,390.57
13-04-12,525.28,391.37
14-04-12,525.16,390.91
15-04-12,525.09,390
16-04-12,525.01,390.17
17-04-12,524.89,389.81
18-04-12,524.79,389.53
19-04-12,524.71,389.19
20-04-12,524.63,388.19
21-04-12,524.53,387.93
22-04-12,524.48,388.1
23-04-12,524.33,387.97
24-04-12,524.33,387.97
25-04-12,524.27,387.21
26-04-12,524.2,386.73
27-04-12,524.13,386.64
28-04-12,524.07,386.18
29-04-12,524,385.4
30-04-12,523.95,387.12
01-05-12,523.86,389.68
02-05-12,523.8,391.05
03-05-12,523.67,390.74
04-05-12,523.52,391.48
05-05-12,523.39,392.14
06-05-12,523.31,391.44
07-05-12,523.23,391.2
08-05-12,523.11,391.06
09-05-12,522.98,391.27
10-05-12,522.85,391.19
11-05-12,522.74,391.41
12-05-12,522.61,390.95
13-05-12,522.48,391.51
14-05-12,522.44,391.94
15-05-12,522.37,391.23
16-05-12,522.29,391.03
17-05-12,522.22,391.76
18-05-12,522.2,391.59
19-05-12,522.13,390.41
20-05-12,522.03,390.91
21-05-12,521.89,392.22
22-05-12,521.76,392.11
23-05-12,521.64,392.07
24-05-12,521.48,392.02
25-05-12,521.33,391.79
26-05-12,521.2,392.51
27-05-12,521.14,391.91
28-05-12,521.14,391.48
29-05-12,521.1,390.98
30-05-12,521,391.65
31-05-12,520.93,391.44
01-06-12,520.9,391.06
02-06-12,520.8,391.48
03-06-12,520.75,391.73
04-06-12,520.72,391.67
05-06-12,520.7,391.55
06-06-12,520.61,391.61
07-06-12,520.52,392.05
08-06-12,520.48,391.45
09-06-12,520.43,391.77
10-06-12,520.36,391.3
11-06-12,520.33,391.09
12-06-12,520.22,391.18
13-06-12,520.16,392.05
14-06-12,520.05,391.95
15-06-12,520,390.77
16-06-12,519.89,389.23
17-06-12,519.75,389.95
18-06-12,519.72,390.99
19-06-12,519.7,390.7
20-06-12,519.64,391.7
21-06-12,519.56,392.53
22-06-12,519.61,391.3
23-06-12,519.64,390.85
24-06-12,519.71,391.29
25-06-12,519.71,390.58
26-06-12,519.65,390.83
27-06-12,519.6,390.73
28-06-12,519.62,390.21
29-06-12,519.57,390.26
30-06-12,519.49,390.45
01-07-12,519.47,391.59
02-07-12,519.55,391.85
03-07-12,519.58,390.99
04-07-12,519.58,389.87
05-07-12,519.57,389.67
06-07-12,519.56,389.58
07-07-12,519.55,389.88
08-07-12,519.54,390.95
09-07-12,519.58,391.37
10-07-12,519.58,391.48
11-07-12,519.57,391.39
12-07-12,519.54,391.88
13-07-12,519.53,392.04
14-07-12,519.51,390.98
15-07-12,519.53,390.46
16-07-12,519.54,390.78
17-07-12,519.54,390.83
18-07-12,519.54,390.71
19-07-12,519.51,390.78
20-07-12,519.45,390.58
21-07-12,519.37,390.13
22-07-12,519.32,390.76
23-07-12,519.32,391.91
24-07-12,519.3,391
25-07-12,519.24,390.63
26-07-12,519.15,390.44
27-07-12,519.03,390.03
28-07-12,518.97,390.17
29-07-12,519,390.5
30-07-12,519,390.78
31-07-12,518.92,389.47
01-08-12,518.78,390.12
02-08-12,518.68,390.22
03-08-12,518.52,390.34
04-08-12,518.37,390.86
05-08-12,518.3,390.38
06-08-12,518.32,390.33
07-08-12,518.21,390.79
08-08-12,518.11,390.72
09-08-12,518.03,390.69
10-08-12,518.01,391.17
11-08-12,518,390.73
12-08-12,518.11,391.12
13-08-12,518.31,391.1
14-08-12,518.35,390.02
15-08-12,518.3,390.79
16-08-12,518.31,390.86
17-08-12,518.28,391.21
18-08-12,518.31,390.56
19-08-12,518.32,388.98
20-08-12,518.42,388.97
21-08-12,518.43,388.61
22-08-12,518.43,389.09
23-08-12,518.54,389.22
24-08-12,518.67,388.45
25-08-12,518.77,388.66
26-08-12,518.85,389.02
27-08-12,519,388.73
28-08-12,519.11,387.99
29-08-12,519.24,387.54
30-08-12,519.33,388.14
31-08-12,519.38,388.77
01-09-12,519.62,388.62
02-09-12,519.74,388.89
03-09-12,519.87,389.23
04-09-12,519.98,388.17
05-09-12,519.98,388.37
06-09-12,520.01,388.83
07-09-12,520.03,388.5
08-09-12,520.1,388.14
09-09-12,520.16,388.11
10-09-12,520.32,388.77
11-09-12,520.42,387.7
12-09-12,520.4,388.35
13-09-12,520.38,388.87
14-09-12,520.44,389.05
15-09-12,520.49,388.37
16-09-12,520.52,388.86
17-09-12,520.65,389.35
18-09-12,520.73,388.2
19-09-12,520.78,387.2
20-09-12,520.95,389.09
21-09-12,521.09,389.99
22-09-12,521.29,389.49
23-09-12,521.52,389.25
24-09-12,521.82,389.29
25-09-12,522.03,388.53
26-09-12,522.22,388.25
27-09-12,522.4,387.99
28-09-12,522.53,388.79
29-09-12,522.59,388.98
30-09-12,522.73,387.8
01-10-12,522.88,387.29
02-10-12,522.96,386.62
03-10-12,523.11,388.65
04-10-12,523.39,390.06
05-10-12,523.59,390.29
06-10-12,523.79,390.47
07-10-12,523.99,390.29
08-10-12,524.16,389.98
09-10-12,524.35,389.06
10-10-12,524.54,388.39
11-10-12,524.65,388.92
12-10-12,524.73,388.46
13-10-12,524.78,388.39
14-10-12,524.83,388.39
15-10-12,524.88,389.23
16-10-12,524.89,389.79
17-10-12,524.92,389.7
18-10-12,524.94,388.81
19-10-12,524.9,387.89
20-10-12,524.88,388.79
21-10-12,524.88,388.89
22-10-12,524.92,389.46
23-10-12,524.88,388.73
24-10-12,524.84,388.41
25-10-12,524.83,388.72
26-10-12,524.82,388.45
27-10-12,524.86,388.99
28-10-12,524.89,389.25
29-10-12,524.93,389.41
30-10-12,524.97,389.03
31-10-12,524.95,388.6
01-11-12,524.96,389.1
02-11-12,524.99,389.69
03-11-12,525.03,390.19
04-11-12,525.06,389.98
05-11-12,525.1,390.25
06-11-12,525.1,389.87
07-11-12,525.07,389.99
08-11-12,525.04,390.91
09-11-12,525.02,390.67
10-11-12,525.02,390.63
11-11-12,525.03,390.4
12-11-12,525.02,390.55
13-11-12,525.03,390.89
14-11-12,525.06,390.47
15-11-12,525.06,390.11
16-11-12,525.05,389.85
17-11-12,525.06,390.51
18-11-12,525.05,390.32
19-11-12,525.06,390.51
20-11-12,525.06,390.35
21-11-12,525.04,389.64
22-11-12,525.01,389.98
23-11-12,524.99,390.04
24-11-12,524.95,390.15
25-11-12,524.94,390.56
26-11-12,524.95,390.7
27-11-12,524.95,390.23
28-11-12,524.91,390.05
29-11-12,524.88,390.59
30-11-12,524.85,390.69
01-12-12,524.82,390.7
02-12-12,524.81,391.26
03-12-12,524.81,391.21
04-12-12,524.78,390.89
05-12-12,524.73,390.25
06-12-12,524.7,389.81
07-12-12,524.64,390.33
08-12-12,524.57,390.15
09-12-12,524.51,390.77
10-12-12,524.5,391.09
11-12-12,524.44,390.85
12-12-12,524.41,391.47
13-12-12,524.41,391.99
14-12-12,524.4,391
15-12-12,524.35,390.59
16-12-12,524.28,390.66
17-12-12,524.25,390.89
18-12-12,524.17,390.63
19-12-12,524.09,390.89
20-12-12,524.01,390.81
21-12-12,523.94,390.97
22-12-12,523.89,390.83
23-12-12,523.87,391.38
24-12-12,523.86,391.43
25-12-12,523.84,390.68
26-12-12,523.84,391.11
27-12-12,523.84,390.84
28-12-12,523.82,390.57
29-12-12,523.8,390.75
30-12-12,523.8,391.33
31-12-12,523.8,391.44
01-01-13,523.8,391.45
02-01-13,523.8,391.26
03-01-13,523.8,391.2
04-01-13,523.79,390.9
05-01-13,523.78,391.16
06-01-13,523.78,391.38
07-01-13,523.78,391.59
08-01-13,523.78,390.9
09-01-13,523.77,390.85
10-01-13,523.77,390.99
11-01-13,523.75,391.08
12-01-13,523.72,391.28
13-01-13,523.7,391.39
14-01-13,523.7,391.64
15-01-13,523.69,391.24
16-01-13,523.68,390.48
17-01-13,523.68,391.07
18-01-13,523.68,391.27
19-01-13,523.68,391.41
20-01-13,523.68,391.54
21-01-13,523.69,391.6
22-01-13,523.7,391.67
23-01-13,523.7,391.61
24-01-13,523.71,391.25
25-01-13,523.71,391.38
26-01-13,523.71,391.38
27-01-13,523.72,391.41
28-01-13,523.73,391.46
29-01-13,523.74,390.8
30-01-13,523.73,390.02
31-01-13,523.72,390.6
01-02-13,523.73,391.05
02-02-13,523.74,391.16
03-02-13,523.75,391.34
04-02-13,523.76,391.5
05-02-13,523.77,391.46
06-02-13,523.77,391.18
07-02-13,523.77,390.43
08-02-13,523.75,390.15
09-02-13,523.75,390.88
10-02-13,523.74,390.8
11-02-13,523.74,391.21
12-02-13,523.72,390.45
13-02-13,523.67,389.52
14-02-13,523.63,390.08
15-02-13,523.62,390.99
16-02-13,523.61,391.07
17-02-13,523.61,391.12
18-02-13,523.61,391.37
19-02-13,523.6,390.72
20-02-13,523.56,390.59
21-02-13,523.52,390.52
22-02-13,523.48,391.09
23-02-13,523.45,391.35
24-02-13,523.43,391.58
25-02-13,523.41,391.53
26-02-13,523.37,391.35
27-02-13,523.35,391.2
28-02-13,523.29,391.08
01-03-13,523.29,392.05
02-03-13,523.29,391.99
03-03-13,523.29,392.01
04-03-13,523.29,392.11
05-03-13,523.27,391.42
06-03-13,523.22,390.29
07-03-13,523.2,391.05
08-03-13,523.17,391.1
09-03-13,523.13,391.33
10-03-13,523.08,391.29
11-03-13,523.07,392.01
12-03-13,523.04,390.98
13-03-13,522.99,390.76
14-03-13,522.96,391.19
15-03-13,522.94,391.43
16-03-13,522.94,391.91
17-03-13,522.91,391.59
18-03-13,522.91,391.69
19-03-13,522.86,390.51
20-03-13,522.77,390.54
21-03-13,522.7,390.55
22-03-13,522.63,390.75
23-03-13,522.54,390.85
24-03-13,522.5,391.51
25-03-13,522.5,392.29
26-03-13,522.49,391.9
27-03-13,522.47,391.72
28-03-13,522.47,392.36
29-03-13,522.47,392.39
30-03-13,522.47,392.43
31-03-13,522.47,392.39
01-04-13,522.47,392.21
02-04-13,522.43,391.3
03-04-13,522.35,390.67
04-04-13,522.26,390.87
05-04-13,522.23,391.87
06-04-13,522.21,391.94
07-04-13,522.2,392.05
08-04-13,522.18,391.66
09-04-13,522.08,390.39
10-04-13,521.98,389.85
11-04-13,521.85,389.49
12-04-13,521.71,389.89
13-04-13,521.57,390.18
14-04-13,521.43,391.45
15-04-13,521.4,392
16-04-13,521.27,389.84
17-04-13,521.12,390.53
18-04-13,520.99,391.56
19-04-13,520.89,391.21
20-04-13,520.86,392.39
21-04-13,520.85,392.49
22-04-13,520.84,392.47
23-04-13,520.83,392.11
24-04-13,520.77,390.94
25-04-13,520.75,391.5
26-04-13,520.75,392.09
27-04-13,520.75,391.99
28-04-13,520.72,391.45
29-04-13,520.72,392.04
30-04-13,520.7,391.62
01-05-13,520.67,391.59
02-05-13,520.66,391.94
03-05-13,520.6,391.25
04-05-13,520.59,392.01
05-05-13,520.59,392.29
06-05-13,520.59,392.26
07-05-13,520.57,391.88
08-05-13,520.54,391.6
09-05-13,520.5,391.36
10-05-13,520.44,391.2
11-05-13,520.4,391.78
12-05-13,520.37,391.49
13-05-13,520.35,391.6
14-05-13,520.33,391.79
15-05-13,520.33,392.05
16-05-13,520.3,391.17
17-05-13,520.21,390.26
18-05-13,520.12,390.92
19-05-13,520.09,391.86
20-05-13,520.08,391.99
21-05-13,520.04,391.6
22-05-13,519.97,391.49
23-05-13,519.86,390.8
24-05-13,519.75,391.62
25-05-13,519.69,391.81
26-05-13,519.68,392.3
27-05-13,519.68,391.99
28-05-13,519.63,391.15
29-05-13,519.54,391.27
30-05-13,519.54,391
31-05-13,519.55,390.63
01-06-13,519.5,391.01
02-06-13,519.51,390.26
03-06-13,519.55,390.66
04-06-13,519.57,389.02
05-06-13,519.5,389.35
06-06-13,519.56,390.1
07-06-13,519.56,389.26
08-06-13,519.52,390.21
09-06-13,519.59,390.99
10-06-13,519.69,391.32
11-06-13,519.74,389.58
12-06-13,519.77,389.65
13-06-13,519.78,389.7
14-06-13,519.8,389.86
15-06-13,519.74,389.42
16-06-13,519.72,389.96
17-06-13,519.75,390.65
18-06-13,519.71,389.59
19-06-13,519.67,388.65
20-06-13,519.67,389.66
21-06-13,519.7,389.68
22-06-13,519.76,390.77
23-06-13,519.89,390.05
24-06-13,519.94,389.8
25-06-13,520.05,390.18
26-06-13,520.1,390.13
27-06-13,520.17,389.79
28-06-13,520.22,389.36
29-06-13,520.31,389.67
30-06-13,520.39,389.98
01-07-13,520.47,389.04
02-07-13,520.55,388.7
03-07-13,520.66,389.43
04-07-13,520.88,389.62
05-07-13,521.24,389.52
06-07-13,521.43,389.71
07-07-13,521.61,389.01
08-07-13,521.73,389.28
09-07-13,521.87,389.68
10-07-13,521.94,389.26
11-07-13,522.02,388.67
12-07-13,522.1,388.29
13-07-13,522.16,388.33
14-07-13,522.22,389.1
15-07-13,522.37,389.76
16-07-13,522.45,387.94
17-07-13,522.49,387.89
18-07-13,522.5,388.18
19-07-13,522.52,387.4
20-07-13,522.43,388.6
21-07-13,522.47,388.87
22-07-13,522.58,389.69
23-07-13,522.6,388.74
24-07-13,522.6,388.74
25-07-13,522.59,388.37
26-07-13,522.52,387.9
27-07-13,522.47,388.77
28-07-13,522.42,387.41
29-07-13,522.42,388.75
30-07-13,522.35,387.39
31-07-13,522.26,387.48
01-08-13,522.18,387.98
02-08-13,522.12,386.68
03-08-13,522.06,386.68
04-08-13,522.01,386.24
05-08-13,522.03,387.83
06-08-13,522,387.16
07-08-13,521.94,386.5
08-08-13,521.85,386.49
09-08-13,521.74,386.12
10-08-13,521.62,387.22
11-08-13,521.54,388.5
12-08-13,521.57,389.35
13-08-13,521.61,387.88
14-08-13,521.64,388.34
15-08-13,521.69,387.93
16-08-13,521.72,387.45
17-08-13,521.75,387.81
18-08-13,521.97,388.33
19-08-13,522.34,389.06
20-08-13,522.54,388.8
21-08-13,522.67,388.3
22-08-13,522.77,388.9
23-08-13,522.88,388.99
24-08-13,522.99,388.67
25-08-13,523.16,388.72
26-08-13,523.38,389.1
27-08-13,523.58,389.45
28-08-13,523.72,388.29
29-08-13,523.81,388.73
30-08-13,523.93,387.76
31-08-13,524.08,387.92
01-09-13,524.32,387.9
02-09-13,524.62,388.88
03-09-13,524.88,387.65
04-09-13,525.04,387.85
05-09-13,525.15,389.07
06-09-13,525.35,388.55
07-09-13,525.53,388.67
08-09-13,525.71,388.32
09-09-13,525.94,389.13
10-09-13,526.22,388.59
11-09-13,526.63,387.95
12-09-13,527.14,387.95
13-09-13,527.35,388.02
14-09-13,527.58,388.33
15-09-13,527.78,389.35
16-09-13,527.96,391.37
17-09-13,528.13,389.53
18-09-13,528.27,387.75
19-09-13,528.38,387.35
20-09-13,528.47,387.95
21-09-13,528.6,388.63
22-09-13,528.78,387.11
23-09-13,528.85,387.14
24-09-13,528.91,387.23
25-09-13,529.01,387.89
26-09-13,529.12,388.83
27-09-13,529.25,388.23
28-09-13,529.36,387.67
29-09-13,529.44,387.72
30-09-13,529.54,388.13
01-10-13,529.59,386.92
02-10-13,529.61,387.11
03-10-13,529.63,387.93
04-10-13,529.7,387.35
05-10-13,529.75,387.47
06-10-13,529.76,387.79
07-10-13,529.78,389.48
08-10-13,529.95,389.68
09-10-13,530.02,390.82
10-10-13,530.2,390.94
11-10-13,530.41,389.45
12-10-13,530.54,389.13
13-10-13,530.66,389.98
14-10-13,530.69,389.52
15-10-13,530.71,389.59
16-10-13,530.74,389.6
17-10-13,530.76,389.47
18-10-13,530.79,389.24
19-10-13,530.79,391
20-10-13,530.84,390.85
21-10-13,530.94,391.23
22-10-13,531.06,389.7
23-10-13,531.18,390.17
24-10-13,531.42,390.64
25-10-13,531.69,390.9
26-10-13,531.87,390.45
27-10-13,532.02,391.02
28-10-13,532.16,391.52
29-10-13,532.29,391.07
30-10-13,532.36,390.74
31-10-13,532.41,390.75
01-11-13,532.46,391.15
02-11-13,532.49,391
03-11-13,532.56,391.9
04-11-13,532.65,391.43
05-11-13,532.71,391.48
06-11-13,532.71,391.25
07-11-13,532.72,391.44
08-11-13,532.73,391.3
09-11-13,532.73,391.67
10-11-13,532.75,391.2
11-11-13,532.8,391.23
12-11-13,532.84,390.79
13-11-13,532.85,390.44
14-11-13,532.85,390.88
15-11-13,532.86,391.59
16-11-13,532.91,391.25
17-11-13,532.94,390.7
18-11-13,532.98,391.39
19-11-13,533.01,391.42
20-11-13,533.01,391.47
21-11-13,533.01,391.29
22-11-13,533.01,391.39
23-11-13,533.01,392.03
24-11-13,533.02,391.9
25-11-13,533.04,391.43
26-11-13,533.06,391.13
27-11-13,533.09,389.78
28-11-13,533.1,388.55
29-11-13,533.14,388.35
30-11-13,533.19,387.4
01-12-13,533.24,387.82
02-12-13,533.29,388.18
03-12-13,533.3,388.47
04-12-13,533.28,390.16
05-12-13,533.25,390.31
06-12-13,533.2,390.55
07-12-13,533.15,391.09
08-12-13,533.13,391.84
09-12-13,533.15,391.54
10-12-13,533.14,391.58
11-12-13,533.14,391.56
12-12-13,533.11,391.77
13-12-13,533.11,391.75
14-12-13,533.11,391.33
15-12-13,533.09,390.84
16-12-13,533.06,391.61
17-12-13,533.04,391.23
18-12-13,533.01,391.1
19-12-13,533,391.9
20-12-13,533,391.23
21-12-13,532.98,391.42
22-12-13,532.98,391.28
23-12-13,532.97,391.57
24-12-13,532.97,391.07
25-12-13,533,390.5
26-12-13,533.06,390.08
27-12-13,533.09,389.33
28-12-13,533.09,389.79
29-12-13,533.09,389.66
30-12-13,533.1,390.54
31-12-13,533.12,390.21
01-01-14,533.15,390.06
02-01-14,533.16,390.31
03-01-14,533.14,390.91
04-01-14,533.1,390.9
05-01-14,533.12,391.29
06-01-14,533.12,390.18
07-01-14,533.1,389.81
08-01-14,533.06,389.8
09-01-14,533.06,390.79
10-01-14,533.05,390.72
11-01-14,533.03,389.3
12-01-14,533,390.2
13-01-14,533,390.71
14-01-14,532.97,390.05
15-01-14,532.96,390.52
16-01-14,532.93,390.19
17-01-14,532.89,390.31
18-01-14,532.85,390.77
19-01-14,532.84,391.15
20-01-14,532.82,390.91
21-01-14,532.81,390.63
22-01-14,532.78,390.53
23-01-14,532.76,390.84
24-01-14,532.71,390.31
25-01-14,532.64,391.35
26-01-14,532.61,392.33
27-01-14,532.58,391.4
28-01-14,532.51,391.13
29-01-14,532.43,390.75
30-01-14,532.35,391.22
31-01-14,532.3,391.6
01-02-14,532.26,391.38
02-02-14,532.2,390.94
03-02-14,532.18,391.79
04-02-14,532.16,391.07
05-02-14,532.12,389.73
06-02-14,532.06,389.88
07-02-14,531.98,390.56
08-02-14,531.89,390.96
09-02-14,531.83,391.13
10-02-14,531.79,390.73
11-02-14,531.72,389.7
12-02-14,531.63,389.9
13-02-14,531.54,390.37
14-02-14,531.45,391.5
15-02-14,531.36,391.05
16-02-14,531.27,391.68
17-02-14,531.26,391.69
18-02-14,531.19,390.22
19-02-14,531.11,390.49
20-02-14,531.04,390.03
21-02-14,530.94,390.25
22-02-14,530.84,391.47
23-02-14,530.77,391.61
24-02-14,530.74,391.18
25-02-14,530.66,391.11
26-02-14,530.56,391.49
27-02-14,530.46,391.66
28-02-14,530.36,391.85
01-03-14,530.28,391.93
02-03-14,530.18,391.94
03-03-14,530.1,391.62
04-03-14,530,391.47
05-03-14,529.8,391.87
06-03-14,529.72,392.13
07-03-14,529.64,391.3
08-03-14,529.57,391.54
09-03-14,529.53,391.53
10-03-14,529.48,391.25
11-03-14,529.42,391.64
12-03-14,529.34,390.9
13-03-14,529.27,391.04
14-03-14,529.24,391.53
15-03-14,529.16,391.03
16-03-14,529.09,390.62
17-03-14,529.06,391.77
18-03-14,528.98,391.63
19-03-14,528.87,391.11
20-03-14,528.77,391.4
21-03-14,528.7,391.67
22-03-14,528.59,390.87
23-03-14,528.48,391.34
24-03-14,528.48,391.63
25-03-14,528.38,391.07
26-03-14,528.29,391.17
27-03-14,528.21,390.96
28-03-14,528.11,390.52
29-03-14,527.99,390.88
30-03-14,527.87,391.89
31-03-14,527.85,391.21
01-04-14,527.74,390.7
02-04-14,527.61,390.73
03-04-14,527.46,391.16
04-04-14,527.33,391.31
05-04-14,527.22,391
06-04-14,527.14,391.34
07-04-14,527.08,391.61
08-04-14,527,390.84
09-04-14,526.94,391.84
10-04-14,526.89,391.27
11-04-14,526.79,391.32
12-04-14,526.72,391
13-04-14,526.64,391.2
14-04-14,526.59,391.11
15-04-14,526.49,390.66
16-04-14,526.39,391.81
17-04-14,526.34,391.19
18-04-14,526.26,391.23
19-04-14,526.24,392.02
20-04-14,526.2,391.4
21-04-14,526.18,391.42
22-04-14,526.08,390.66
23-04-14,525.99,391.01
24-04-14,525.88,390.85
25-04-14,525.77,390.83
26-04-14,525.66,390.67
27-04-14,525.55,390.84
28-04-14,525.47,391.38
29-04-14,525.35,391.31
30-04-14,525.24,391
01-05-14,525.17,391.56
02-05-14,525.15,391.63
03-05-14,525.12,391.45
04-05-14,525.11,391.45
05-05-14,525.07,391.02
06-05-14,524.96,390.33
07-05-14,524.8,391.55
08-05-14,524.64,391.62
09-05-14,524.54,391.29
10-05-14,524.41,391.35
11-05-14,524.38,391.35
12-05-14,524.31,391.5
13-05-14,524.2,391.53
14-05-14,524.18,391.52
15-05-14,524.13,391.26
16-05-14,524.08,391.97
17-05-14,524.06,391.97
18-05-14,524.06,391.84
19-05-14,524.06,390.75
20-05-14,524.06,390.55
21-05-14,523.99,391.6
22-05-14,523.86,391.8
23-05-14,523.73,391.84
24-05-14,523.64,391.31
25-05-14,523.56,390.25
26-05-14,523.56,391.64
27-05-14,523.48,391.29
28-05-14,523.38,391.25
29-05-14,523.37,391.21
30-05-14,523.36,391.71
31-05-14,523.35,390.34
01-06-14,523.34,389.26
02-06-14,523.46,388.36
03-06-14,523.7,388.56
04-06-14,524.24,387.8
05-06-14,524.45,387.85
06-06-14,524.51,387.97
07-06-14,524.56,387.28
08-06-14,524.59,388.38
09-06-14,524.71,388.7
10-06-14,524.71,389.69
11-06-14,524.68,390.4
12-06-14,524.62,389.91
13-06-14,524.6,390.74
14-06-14,524.64,389.32
15-06-14,524.68,389.19
16-06-14,524.78,388.4
17-06-14,524.83,388.04
18-06-14,524.85,388.71
19-06-14,524.84,389.21
20-06-14,524.85,389.3
21-06-14,524.9,388.36
22-06-14,524.97,388.23
23-06-14,525.07,388.75
24-06-14,525.19,388.51
25-06-14,525.27,388.09
26-06-14,525.36,388.48
27-06-14,525.47,388.46
28-06-14,525.53,387.99
29-06-14,525.59,387.51
30-06-14,525.67,387.84
01-07-14,525.76,388.69
02-07-14,525.8,387.56
03-07-14,525.82,389.68
04-07-14,525.83,389.35
05-07-14,525.83,387.2
06-07-14,525.83,389.51
07-07-14,525.89,388.31
08-07-14,525.93,388.43
09-07-14,525.9,388.69
10-07-14,525.84,388.21
11-07-14,525.76,388.35
12-07-14,525.69,388.1
13-07-14,525.67,387.74
14-07-14,525.67,387.73
15-07-14,525.69,388.23
16-07-14,525.67,387.88
17-07-14,525.63,388.43
18-07-14,525.55,388.08
19-07-14,525.47,387.45
20-07-14,525.4,387.37
21-07-14,525.39,387.87
22-07-14,525.31,388.08
23-07-14,525.24,387.9
24-07-14,525.16,387.93
25-07-14,525.12,388.6
26-07-14,525.05,387.75
27-07-14,525.02,388.05
28-07-14,524.99,387.6
29-07-14,524.91,388.1
30-07-14,524.84,388.59
31-07-14,524.74,388.28
01-08-14,524.63,388.35
02-08-14,524.54,386.99
03-08-14,524.53,386.81
04-08-14,524.58,387.82
05-08-14,524.51,387.65
06-08-14,524.41,387.93
07-08-14,524.27,388.11
08-08-14,524.14,388.38
09-08-14,524.05,386.35
10-08-14,523.95,387.63
11-08-14,523.94,387.85
12-08-14,523.86,387.44
13-08-14,523.78,387.44
14-08-14,523.78,387.65
15-08-14,523.75,388.43
16-08-14,523.71,386.89
17-08-14,523.67,388
18-08-14,523.65,388.05
19-08-14,523.59,388.5
20-08-14,523.47,388.1
21-08-14,523.4,388.1
22-08-14,523.38,389.02
23-08-14,523.38,387.27
24-08-14,523.34,387.73
25-08-14,523.35,387.23
26-08-14,523.37,386.95
27-08-14,523.37,387.45
28-08-14,523.33,388.31
29-08-14,523.29,389.09
30-08-14,523.28,388.38
31-08-14,523.34,387.9
01-09-14,523.5,387.87
02-09-14,523.6,388.12
03-09-14,523.63,388.33
04-09-14,523.69,388.4
05-09-14,523.72,388.49
06-09-14,523.76,388.65
07-09-14,523.81,388.83
08-09-14,523.89,387.35
09-09-14,524.1,388.58
10-09-14,524.38,387.99
11-09-14,524.52,389.54
12-09-14,524.59,389.53
13-09-14,524.78,388.65
14-09-14,524.95,389.53
15-09-14,525.11,388.15
16-09-14,525.28,388.48
17-09-14,525.51,388.12
18-09-14,525.6,388.59
19-09-14,525.6,387.9
20-09-14,525.6,388.93
21-09-14,525.67,388.7
22-09-14,525.74,388.95
23-09-14,525.91,388.46
24-09-14,526.03,388.75
25-09-14,526.21,388.13
26-09-14,526.54,390.02
27-09-14,527.09,389.41
28-09-14,527.48,389.47
29-09-14,527.8,388.97
30-09-14,528.11,387.73
01-10-14,528.48,388.44
02-10-14,528.76,388.95
03-10-14,528.97,389.08
04-10-14,529.11,388.09
05-10-14,529.25,387.89
06-10-14,529.35,388.69
07-10-14,529.45,387.65
08-10-14,529.52,387.33
09-10-14,529.6,387.51
10-10-14,529.67,388.21
11-10-14,529.7,387.11
12-10-14,529.74,388.75
13-10-14,529.8,387.86
14-10-14,529.82,387.57
15-10-14,529.86,387.47
16-10-14,530.06,387.89
17-10-14,530.3,388.47
18-10-14,530.4,388.53
19-10-14,530.51,388.85
20-10-14,530.59,389.17
21-10-14,530.65,389.27
22-10-14,530.7,389.89
23-10-14,530.8,389.52
24-10-14,530.92,390.15
25-10-14,531.08,389.37
26-10-14,531.23,389.8
27-10-14,531.33,390.81
28-10-14,531.42,390.97
29-10-14,531.45,391.65
30-10-14,531.5,392
31-10-14,531.58,391.95
01-11-14,531.63,391.85
02-11-14,531.71,391.62
03-11-14,531.79,391.73
04-11-14,531.85,391.36
05-11-14,531.9,391.64
06-11-14,531.93,391.77
07-11-14,531.97,391.78
08-11-14,531.98,390.97
09-11-14,531.99,390.67
10-11-14,532.01,391.01
11-11-14,532.03,391.53
12-11-14,532.02,391.3
13-11-14,531.99,390.9
14-11-14,531.96,391.76
15-11-14,531.96,391.69
16-11-14,531.95,391.21
17-11-14,531.98,390.91
18-11-14,531.97,391.54
19-11-14,531.97,391.14
20-11-14,531.96,391.31
21-11-14,531.96,391.29
22-11-14,531.97,391.36
23-11-14,531.98,391.62
24-11-14,532,391.3
25-11-14,531.97,391.8
26-11-14,531.96,391.73
27-11-14,531.94,391.73
28-11-14,531.94,391.95
29-11-14,531.94,391.44
30-11-14,531.95,391.33
01-12-14,531.96,391.7
02-12-14,531.96,391.23
03-12-14,531.94,391.04
04-12-14,531.93,391.65
05-12-14,531.93,391.63
06-12-14,531.92,391
07-12-14,531.91,391.34
08-12-14,531.93,391.29
09-12-14,531.9,391.27
10-12-14,531.89,391.84
11-12-14,531.88,391.45
12-12-14,531.87,391.43
13-12-14,531.86,391.79
14-12-14,531.86,391.89
15-12-14,531.86,391.11
16-12-14,531.81,391.17
17-12-14,531.8,391.19
18-12-14,531.79,391.63
19-12-14,531.76,391.37
20-12-14,531.72,390.11
21-12-14,531.69,391.88
22-12-14,531.7,392.17
23-12-14,531.66,392.25
24-12-14,531.61,392.16
25-12-14,531.61,391.52
26-12-14,531.62,392.05
27-12-14,531.64,391.91
28-12-14,531.63,391.99
29-12-14,531.63,392.91
30-12-14,531.64,391.05
31-12-14,531.67,391.52
